Handle,Title,Body (HTML),Vendor,Product Category,Type,Tags,Published,Option1 Name,Option1 Value,Option1 Linked To,Option2 Name,Option2 Value,Option2 Linked To,Option3 Name,Option3 Value,Option3 Linked To,Variant SKU,Variant Grams,Variant Inventory Tracker,Variant Inventory Qty,Variant Inventory Policy,Variant Fulfillment Service,Variant Price,Variant Compare At Price,Variant Requires Shipping,Variant Taxable,Unit Price Total Measure,Unit Price Total Measure Unit,Unit Price Base Measure,Unit Price Base Measure Unit,Variant Barcode,Image Src,Image Position,Image Alt Text,Gift Card,SEO Title,SEO Description,Snowboard binding mount (product.metafields.test_data.binding_mount),Snowboard length (product.metafields.test_data.snowboard_length),Variant Image,Variant Weight Unit,Variant Tax Code,Cost per item,Included / Canada,Price / Canada,Compare At Price / Canada,Status
dominant-kad-n-camas-r-pamuklu-renkli-brazilian-kulot-7-li-paket-s-m-l,Dominant Kadın Çamaşır Pamuklu Renkli BRAZİLİAN Külot 7'li Paket (S-M-L),"<p><a href=""https://www.trendyol.com/dominant/kadin-camasir-pamuklu-renkli-brazilian-kulot-7-li-paket-s-m-l-p-635181451?boutiqueId=61&merchantId=4341&filterOverPriceListings=false&sav=true"" rel=""nofollow"">Trendyol kaynak</a></p>
<p>Kaynak ID: 635181451</p>",Dominant,Apparel & Accessories > Clothing > Underwear & Socks > Underwear,Kadın Brazilian Külot,"trendyol-import, Kadın, Külot, Brazilian, dominant",true,Beden,S,,,,,,,,635181451-2,0.0,shopify,100,deny,manual,437.00,,true,true,,,,,,https://cdn.dsmcdn.com/mnresize/620/920/ty1914/prod/QC_ENRICHMENT/20260617/14/455c943a-6ea2-3d5a-b7ed-fc198f213d07/1_org_zoom.jpg,1,Dominant Kadın Çamaşır Pamuklu Renkli BRAZİLİAN Külot 7'li Paket (S-M-L),false,Dominant Kadın Çamaşır Pamuklu Renkli BRAZİLİAN Külot 7'li Paket (S-M-L),,,,,kg,,,,,,active
dominant-kad-n-camas-r-pamuklu-renkli-brazilian-kulot-7-li-paket-s-m-l,,,,,,,,Beden,M,,,,,,,,635181451-3,0.0,shopify,100,deny,manual,437.00,,true,true,,,,,,,,,false,,,,,,kg,,,,,,
dominant-kad-n-camas-r-pamuklu-renkli-brazilian-kulot-7-li-paket-s-m-l,,,,,,,,Beden,L,,,,,,,,635181451-4,0.0,shopify,100,deny,manual,437.00,,true,true,,,,,,,,,false,,,,,,kg,,,,,,
dominant-kad-n-camas-r-pamuklu-renkli-brazilian-kulot-7-li-paket-s-m-l,,,,,,,,,,,,,,,,,,,,,,,,,,,,,,,,https://cdn.dsmcdn.com/mnresize/620/920/ty1901/prod/QC_ENRICHMENT/20260617/14/67ab24e7-ca49-3fd5-8a3e-a98bb762f359/1_org_zoom.jpg,2,Dominant Kadın Çamaşır Pamuklu Renkli BRAZİLİAN Külot 7'li Paket (S-M-L),,,,,,,,,,,,,
dominant-kad-n-camas-r-pamuklu-renkli-brazilian-kulot-7-li-paket-s-m-l,,,,,,,,,,,,,,,,,,,,,,,,,,,,,,,,https://cdn.dsmcdn.com/mnresize/128/192/ty1914/prod/QC_ENRICHMENT/20260617/14/455c943a-6ea2-3d5a-b7ed-fc198f213d07/1_org_zoom.jpg,3,Dominant Kadın Çamaşır Pamuklu Renkli BRAZİLİAN Külot 7'li Paket (S-M-L),,,,,,,,,,,,,
dominant-kad-n-camas-r-pamuklu-renkli-brazilian-kulot-7-li-paket-s-m-l,,,,,,,,,,,,,,,,,,,,,,,,,,,,,,,,https://cdn.dsmcdn.com/mnresize/128/192/ty1892/prod/QC_ENRICHMENT/20260617/14/fdd4bf55-2b60-3684-b753-02aeee010475/1_org_zoom.jpg,4,Dominant Kadın Çamaşır Pamuklu Renkli BRAZİLİAN Külot 7'li Paket (S-M-L),,,,,,,,,,,,,
dominant-kad-n-camas-r-pamuklu-renkli-brazilian-kulot-7-li-paket-s-m-l,,,,,,,,,,,,,,,,,,,,,,,,,,,,,,,,https://cdn.dsmcdn.com/mnresize/128/192/ty1920/prod/QC_ENRICHMENT/20260617/14/60c1eae9-3d60-3a89-9575-4743e9720d0b/1_org_zoom.jpg,5,Dominant Kadın Çamaşır Pamuklu Renkli BRAZİLİAN Külot 7'li Paket (S-M-L),,,,,,,,,,,,,
dominant-kad-n-camas-r-pamuklu-renkli-brazilian-kulot-7-li-paket-s-m-l,,,,,,,,,,,,,,,,,,,,,,,,,,,,,,,,https://cdn.dsmcdn.com/mnresize/128/192/ty1929/prod/QC_ENRICHMENT/20260618/11/d68b8b30-5973-3de1-8694-d60ef6a6ad13/1_org_zoom.jpg,6,Dominant Kadın Çamaşır Pamuklu Renkli BRAZİLİAN Külot 7'li Paket (S-M-L),,,,,,,,,,,,,
dominant-kad-n-camas-r-pamuklu-renkli-brazilian-kulot-7-li-paket-s-m-l,,,,,,,,,,,,,,,,,,,,,,,,,,,,,,,,https://cdn.dsmcdn.com/mnresize/128/192/ty1909/prod/QC_PREP/20260601/23/51c3e9ea-c267-3906-b1ac-1bd8fea1f920/1_org_zoom.jpg,7,Dominant Kadın Çamaşır Pamuklu Renkli BRAZİLİAN Külot 7'li Paket (S-M-L),,,,,,,,,,,,,
dominant-kad-n-camas-r-pamuklu-renkli-bikini-kulot-7-li-paket,Dominant Kadın Çamaşır Pamuklu Renkli BİKİNİ Külot 7'li Paket,"<p><a href=""https://www.trendyol.com/dominant/kadin-camasir-pamuklu-renkli-bikini-kulot-7-li-paket-p-834793121?boutiqueId=61&merchantId=4341&filterOverPriceListings=false&sav=true"" rel=""nofollow"">Trendyol kaynak</a></p>
<p>Kaynak ID: 834793121</p>",Dominant,Apparel & Accessories > Clothing > Underwear & Socks > Underwear,Kadın Bikini Külot,"trendyol-import, Kadın, Külot, Bikini, dominant",true,Beden,S,,,,,,,,834793121-2,0.0,shopify,100,deny,manual,302.00,,true,true,,,,,,https://cdn.dsmcdn.com/mnresize/620/920/ty1931/prod/QC_ENRICHMENT/20260618/11/61199ec7-77b5-392a-bbdb-15242f0db144/1_org_zoom.jpg,1,Dominant Kadın Çamaşır Pamuklu Renkli BİKİNİ Külot 7'li Paket,false,Dominant Kadın Çamaşır Pamuklu Renkli BİKİNİ Külot 7'li Paket,,,,,kg,,,,,,active
dominant-kad-n-camas-r-pamuklu-renkli-bikini-kulot-7-li-paket,,,,,,,,Beden,M,,,,,,,,834793121-3,0.0,shopify,100,deny,manual,302.00,,true,true,,,,,,,,,false,,,,,,kg,,,,,,
dominant-kad-n-camas-r-pamuklu-renkli-bikini-kulot-7-li-paket,,,,,,,,Beden,L,,,,,,,,834793121-4,0.0,shopify,100,deny,manual,302.00,,true,true,,,,,,,,,false,,,,,,kg,,,,,,
dominant-kad-n-camas-r-pamuklu-renkli-bikini-kulot-7-li-paket,,,,,,,,Beden,XL,,,,,,,,834793121-5,0.0,shopify,100,deny,manual,302.00,,true,true,,,,,,,,,false,,,,,,kg,,,,,,
dominant-kad-n-camas-r-pamuklu-renkli-bikini-kulot-7-li-paket,,,,,,,,Beden,2XL,,,,,,,,834793121-6,0.0,shopify,100,deny,manual,302.00,,true,true,,,,,,,,,false,,,,,,kg,,,,,,
dominant-kad-n-camas-r-pamuklu-renkli-bikini-kulot-7-li-paket,,,,,,,,Beden,3XL,,,,,,,,834793121-7,0.0,shopify,100,deny,manual,302.00,,true,true,,,,,,,,,false,,,,,,kg,,,,,,
dominant-kad-n-camas-r-pamuklu-renkli-bikini-kulot-7-li-paket,,,,,,,,,,,,,,,,,,,,,,,,,,,,,,,,https://cdn.dsmcdn.com/mnresize/620/920/ty1901/prod/QC_ENRICHMENT/20260618/11/61d99d91-9d02-375a-87c4-6ee5674fc110/1_org_zoom.jpg,2,Dominant Kadın Çamaşır Pamuklu Renkli BİKİNİ Külot 7'li Paket,,,,,,,,,,,,,
dominant-kad-n-camas-r-pamuklu-renkli-bikini-kulot-7-li-paket,,,,,,,,,,,,,,,,,,,,,,,,,,,,,,,,https://cdn.dsmcdn.com/mnresize/620/920/ty1906/prod/QC_ENRICHMENT/20260618/11/ca75ca31-5a24-3dc2-876c-4ed52a0e7dba/1_org_zoom.jpg,3,Dominant Kadın Çamaşır Pamuklu Renkli BİKİNİ Külot 7'li Paket,,,,,,,,,,,,,
dominant-kad-n-camas-r-pamuklu-renkli-bikini-kulot-7-li-paket,,,,,,,,,,,,,,,,,,,,,,,,,,,,,,,,https://cdn.dsmcdn.com/mnresize/620/920/ty1918/prod/QC_ENRICHMENT/20260618/11/ab04c6f2-8048-39ef-aa71-f2a3697a8f49/1_org_zoom.jpg,4,Dominant Kadın Çamaşır Pamuklu Renkli BİKİNİ Külot 7'li Paket,,,,,,,,,,,,,
dominant-kad-n-camas-r-pamuklu-renkli-bikini-kulot-7-li-paket,,,,,,,,,,,,,,,,,,,,,,,,,,,,,,,,https://cdn.dsmcdn.com/mnresize/620/920/ty1900/prod/QC_ENRICHMENT/20260618/11/ba13823c-2986-3389-9beb-093789f7fd29/1_org_zoom.jpg,5,Dominant Kadın Çamaşır Pamuklu Renkli BİKİNİ Külot 7'li Paket,,,,,,,,,,,,,
dominant-kad-n-camas-r-pamuklu-renkli-bikini-kulot-7-li-paket,,,,,,,,,,,,,,,,,,,,,,,,,,,,,,,,https://cdn.dsmcdn.com/mnresize/620/920/ty1939/prod/QC_ENRICHMENT/20260618/11/f31df4d5-39bd-3eb9-a6ec-bbe929943fc2/1_org_zoom.jpg,6,Dominant Kadın Çamaşır Pamuklu Renkli BİKİNİ Külot 7'li Paket,,,,,,,,,,,,,
dominant-kad-n-camas-r-pamuklu-renkli-bikini-kulot-7-li-paket,,,,,,,,,,,,,,,,,,,,,,,,,,,,,,,,https://cdn.dsmcdn.com/mnresize/620/920/ty1904/prod/QC_ENRICHMENT/20260618/11/76285b2d-57a3-31db-8b18-3dcfce1e69b6/1_org_zoom.jpg,7,Dominant Kadın Çamaşır Pamuklu Renkli BİKİNİ Külot 7'li Paket,,,,,,,,,,,,,
dominant-kad-n-camas-r-pamuklu-renkli-bikini-kulot-7-li-paket,,,,,,,,,,,,,,,,,,,,,,,,,,,,,,,,https://cdn.dsmcdn.com/mnresize/620/920/ty1920/prod/QC_ENRICHMENT/20260618/11/48c0df4a-221a-3c77-8d44-11f0467b676c/1_org_zoom.jpg,8,Dominant Kadın Çamaşır Pamuklu Renkli BİKİNİ Külot 7'li Paket,,,,,,,,,,,,,
dominant-kad-n-camas-r-pamuklu-renkli-bikini-kulot-7-li-paket,,,,,,,,,,,,,,,,,,,,,,,,,,,,,,,,https://cdn.dsmcdn.com/mnresize/128/192/ty1931/prod/QC_ENRICHMENT/20260618/11/61199ec7-77b5-392a-bbdb-15242f0db144/1_org_zoom.jpg,9,Dominant Kadın Çamaşır Pamuklu Renkli BİKİNİ Külot 7'li Paket,,,,,,,,,,,,,
dominant-kad-n-camas-r-pamuklu-renkli-bikini-kulot-7-li-paket,,,,,,,,,,,,,,,,,,,,,,,,,,,,,,,,https://cdn.dsmcdn.com/mnresize/128/192/ty1915/prod/QC_ENRICHMENT/20260618/11/b8d99d79-13c9-3bdc-bcfb-556ee7154aba/1_org_zoom.jpg,10,Dominant Kadın Çamaşır Pamuklu Renkli BİKİNİ Külot 7'li Paket,,,,,,,,,,,,,
dominant-kad-n-lacivert-beyaz-pamuklu-kulot-7-li-paket,Dominant Kadın Lacivert Beyaz Pamuklu Külot 7 Li Paket,"<p><a href=""https://www.trendyol.com/dominant/kadin-lacivert-beyaz-pamuklu-kulot-7-li-paket-p-159097358?boutiqueId=61&merchantId=4341&filterOverPriceListings=false&sav=true"" rel=""nofollow"">Trendyol kaynak</a></p>
<p>Kaynak ID: 159097358</p>",Dominant,Apparel & Accessories > Clothing > Underwear & Socks > Underwear,Kadın Külot,"trendyol-import, Kadın, Külot, dominant",true,Beden,M,,,,,,,,159097358-2,0.0,shopify,100,deny,manual,437.00,,true,true,,,,,,https://cdn.dsmcdn.com/mnresize/620/920/ty1909/prod/QC_ENRICHMENT/20260618/11/a0b1deb2-aec1-37e4-b32e-cb0aed326ff9/1_org_zoom.jpg,1,Dominant Kadın Lacivert Beyaz Pamuklu Külot 7 Li Paket,false,Dominant Kadın Lacivert Beyaz Pamuklu Külot 7 Li Paket,,,,,kg,,,,,,active
dominant-kad-n-lacivert-beyaz-pamuklu-kulot-7-li-paket,,,,,,,,Beden,L,,,,,,,,159097358-3,0.0,shopify,100,deny,manual,437.00,,true,true,,,,,,,,,false,,,,,,kg,,,,,,
dominant-kad-n-lacivert-beyaz-pamuklu-kulot-7-li-paket,,,,,,,,Beden,2XL,,,,,,,,159097358-4,0.0,shopify,100,deny,manual,437.00,,true,true,,,,,,,,,false,,,,,,kg,,,,,,
dominant-kad-n-lacivert-beyaz-pamuklu-kulot-7-li-paket,,,,,,,,Beden,S,,,,,,,,159097358-5,0.0,shopify,100,deny,manual,437.00,,true,true,,,,,,,,,false,,,,,,kg,,,,,,
dominant-kad-n-lacivert-beyaz-pamuklu-kulot-7-li-paket,,,,,,,,Beden,XL,,,,,,,,159097358-6,0.0,shopify,100,deny,manual,437.00,,true,true,,,,,,,,,false,,,,,,kg,,,,,,
dominant-kad-n-lacivert-beyaz-pamuklu-kulot-7-li-paket,,,,,,,,Beden,3XL,,,,,,,,159097358-7,0.0,shopify,100,deny,manual,437.00,,true,true,,,,,,,,,false,,,,,,kg,,,,,,
dominant-kad-n-lacivert-beyaz-pamuklu-kulot-7-li-paket,,,,,,,,,,,,,,,,,,,,,,,,,,,,,,,,https://cdn.dsmcdn.com/mnresize/620/920/ty1933/prod/QC_ENRICHMENT/20260618/11/7aaa8429-ce68-390c-a85d-a791a392a514/1_org_zoom.jpg,2,Dominant Kadın Lacivert Beyaz Pamuklu Külot 7 Li Paket,,,,,,,,,,,,,
dominant-kad-n-lacivert-beyaz-pamuklu-kulot-7-li-paket,,,,,,,,,,,,,,,,,,,,,,,,,,,,,,,,https://cdn.dsmcdn.com/mnresize/620/920/ty1943/prod/QC_ENRICHMENT/20260618/11/6c3ee871-2d41-3425-933e-3da6f3f99875/1_org_zoom.jpg,3,Dominant Kadın Lacivert Beyaz Pamuklu Külot 7 Li Paket,,,,,,,,,,,,,
dominant-kad-n-lacivert-beyaz-pamuklu-kulot-7-li-paket,,,,,,,,,,,,,,,,,,,,,,,,,,,,,,,,https://cdn.dsmcdn.com/mnresize/620/920/ty1896/prod/QC_ENRICHMENT/20260618/11/35dfd13a-b70a-3ddc-9b0f-fa8356150fc4/1_org_zoom.jpg,4,Dominant Kadın Lacivert Beyaz Pamuklu Külot 7 Li Paket,,,,,,,,,,,,,
dominant-kad-n-lacivert-beyaz-pamuklu-kulot-7-li-paket,,,,,,,,,,,,,,,,,,,,,,,,,,,,,,,,https://cdn.dsmcdn.com/mnresize/620/920/ty1923/prod/QC_ENRICHMENT/20260618/11/aaf39869-5494-3718-8d48-9cb31010524f/1_org_zoom.jpg,5,Dominant Kadın Lacivert Beyaz Pamuklu Külot 7 Li Paket,,,,,,,,,,,,,
dominant-kad-n-lacivert-beyaz-pamuklu-kulot-7-li-paket,,,,,,,,,,,,,,,,,,,,,,,,,,,,,,,,https://cdn.dsmcdn.com/mnresize/620/920/ty1905/prod/QC_ENRICHMENT/20260618/11/6e498809-4c5c-3814-b213-a79a975422ed/1_org_zoom.jpg,6,Dominant Kadın Lacivert Beyaz Pamuklu Külot 7 Li Paket,,,,,,,,,,,,,
dominant-kad-n-lacivert-beyaz-pamuklu-kulot-7-li-paket,,,,,,,,,,,,,,,,,,,,,,,,,,,,,,,,https://cdn.dsmcdn.com/mnresize/620/920/ty1936/prod/QC_ENRICHMENT/20260618/11/fe589f84-5b57-3f26-93a7-cb90a4c6482c/1_org_zoom.jpg,7,Dominant Kadın Lacivert Beyaz Pamuklu Külot 7 Li Paket,,,,,,,,,,,,,
dominant-kad-n-lacivert-beyaz-pamuklu-kulot-7-li-paket,,,,,,,,,,,,,,,,,,,,,,,,,,,,,,,,https://cdn.dsmcdn.com/mnresize/620/920/ty1932/prod/QC_ENRICHMENT/20260618/11/81b2f052-a9a6-3da3-bfca-23ec31ba7796/1_org_zoom.jpg,8,Dominant Kadın Lacivert Beyaz Pamuklu Külot 7 Li Paket,,,,,,,,,,,,,
dominant-kad-n-lacivert-beyaz-pamuklu-kulot-7-li-paket,,,,,,,,,,,,,,,,,,,,,,,,,,,,,,,,https://cdn.dsmcdn.com/mnresize/128/192/ty1931/prod/QC_ENRICHMENT/20260618/11/61199ec7-77b5-392a-bbdb-15242f0db144/1_org_zoom.jpg,9,Dominant Kadın Lacivert Beyaz Pamuklu Külot 7 Li Paket,,,,,,,,,,,,,
dominant-kad-n-lacivert-beyaz-pamuklu-kulot-7-li-paket,,,,,,,,,,,,,,,,,,,,,,,,,,,,,,,,https://cdn.dsmcdn.com/mnresize/128/192/ty1915/prod/QC_ENRICHMENT/20260618/11/b8d99d79-13c9-3bdc-bcfb-556ee7154aba/1_org_zoom.jpg,10,Dominant Kadın Lacivert Beyaz Pamuklu Külot 7 Li Paket,,,,,,,,,,,,,
dominant-kad-n-7-gun-baskl-pamuklu-likral-kulot-37000-704,Dominant Kadın 7 Gün Basklı Pamuklu Likralı Külot 37000-704,"<p><a href=""https://www.trendyol.com/dominant/kadin-7-gun-baskli-pamuklu-likrali-kulot-37000-704-p-839287600?boutiqueId=61&merchantId=4341&filterOverPriceListings=false&sav=true"" rel=""nofollow"">Trendyol kaynak</a></p>
<p>Kaynak ID: 839287600</p>",Dominant,Apparel & Accessories > Clothing > Underwear & Socks > Underwear,Kadın Külot,"trendyol-import, Kadın, Külot, dominant",true,Beden,M,,,,,,,,839287600-2,0.0,shopify,100,deny,manual,437.00,,true,true,,,,,,https://cdn.dsmcdn.com/mnresize/620/920/ty1915/prod/QC_ENRICHMENT/20260618/11/b8d99d79-13c9-3bdc-bcfb-556ee7154aba/1_org_zoom.jpg,1,Dominant Kadın 7 Gün Basklı Pamuklu Likralı Külot 37000-704,false,Dominant Kadın 7 Gün Basklı Pamuklu Likralı Külot 37000-704,,,,,kg,,,,,,active
dominant-kad-n-7-gun-baskl-pamuklu-likral-kulot-37000-704,,,,,,,,Beden,L,,,,,,,,839287600-3,0.0,shopify,100,deny,manual,437.00,,true,true,,,,,,,,,false,,,,,,kg,,,,,,
dominant-kad-n-7-gun-baskl-pamuklu-likral-kulot-37000-704,,,,,,,,Beden,XL,,,,,,,,839287600-4,0.0,shopify,100,deny,manual,437.00,,true,true,,,,,,,,,false,,,,,,kg,,,,,,
dominant-kad-n-7-gun-baskl-pamuklu-likral-kulot-37000-704,,,,,,,,Beden,2XL,,,,,,,,839287600-5,0.0,shopify,100,deny,manual,437.00,,true,true,,,,,,,,,false,,,,,,kg,,,,,,
dominant-kad-n-7-gun-baskl-pamuklu-likral-kulot-37000-704,,,,,,,,Beden,S,,,,,,,,839287600-6,0.0,shopify,100,deny,manual,437.00,,true,true,,,,,,,,,false,,,,,,kg,,,,,,
dominant-kad-n-7-gun-baskl-pamuklu-likral-kulot-37000-704,,,,,,,,,,,,,,,,,,,,,,,,,,,,,,,,https://cdn.dsmcdn.com/mnresize/620/920/ty1932/prod/QC_ENRICHMENT/20260618/11/a7681a31-5479-3e95-9227-20175a4f21ad/1_org_zoom.jpg,2,Dominant Kadın 7 Gün Basklı Pamuklu Likralı Külot 37000-704,,,,,,,,,,,,,
dominant-kad-n-7-gun-baskl-pamuklu-likral-kulot-37000-704,,,,,,,,,,,,,,,,,,,,,,,,,,,,,,,,https://cdn.dsmcdn.com/mnresize/620/920/ty1935/prod/QC_ENRICHMENT/20260618/11/f1e212c4-5eed-3fbc-9fea-873a79800bdf/1_org_zoom.jpg,3,Dominant Kadın 7 Gün Basklı Pamuklu Likralı Külot 37000-704,,,,,,,,,,,,,
dominant-kad-n-7-gun-baskl-pamuklu-likral-kulot-37000-704,,,,,,,,,,,,,,,,,,,,,,,,,,,,,,,,https://cdn.dsmcdn.com/mnresize/620/920/ty1927/prod/QC_ENRICHMENT/20260618/11/aa6866b1-f451-38ce-97fe-be41d7f394cf/1_org_zoom.jpg,4,Dominant Kadın 7 Gün Basklı Pamuklu Likralı Külot 37000-704,,,,,,,,,,,,,
dominant-kad-n-7-gun-baskl-pamuklu-likral-kulot-37000-704,,,,,,,,,,,,,,,,,,,,,,,,,,,,,,,,https://cdn.dsmcdn.com/mnresize/620/920/ty1943/prod/QC_ENRICHMENT/20260618/11/4e69cc06-7528-37a4-8bea-7c98b6b16f18/1_org_zoom.jpg,5,Dominant Kadın 7 Gün Basklı Pamuklu Likralı Külot 37000-704,,,,,,,,,,,,,
dominant-kad-n-7-gun-baskl-pamuklu-likral-kulot-37000-704,,,,,,,,,,,,,,,,,,,,,,,,,,,,,,,,https://cdn.dsmcdn.com/mnresize/620/920/ty1906/prod/QC_ENRICHMENT/20260618/11/a7cb6b99-4965-34ae-91f6-bfa1b0dff5d6/1_org_zoom.jpg,6,Dominant Kadın 7 Gün Basklı Pamuklu Likralı Külot 37000-704,,,,,,,,,,,,,
dominant-kad-n-7-gun-baskl-pamuklu-likral-kulot-37000-704,,,,,,,,,,,,,,,,,,,,,,,,,,,,,,,,https://cdn.dsmcdn.com/mnresize/620/920/ty1943/prod/QC_ENRICHMENT/20260618/11/c35956ae-822c-335d-98d5-043ae6cd60ee/1_org_zoom.jpg,7,Dominant Kadın 7 Gün Basklı Pamuklu Likralı Külot 37000-704,,,,,,,,,,,,,
dominant-kad-n-7-gun-baskl-pamuklu-likral-kulot-37000-704,,,,,,,,,,,,,,,,,,,,,,,,,,,,,,,,https://cdn.dsmcdn.com/mnresize/620/920/ty1942/prod/QC_ENRICHMENT/20260618/11/35c32cfa-991f-3cd1-8839-4719fea7b194/1_org_zoom.jpg,8,Dominant Kadın 7 Gün Basklı Pamuklu Likralı Külot 37000-704,,,,,,,,,,,,,
dominant-kad-n-7-gun-baskl-pamuklu-likral-kulot-37000-704,,,,,,,,,,,,,,,,,,,,,,,,,,,,,,,,https://cdn.dsmcdn.com/mnresize/128/192/ty1931/prod/QC_ENRICHMENT/20260618/11/61199ec7-77b5-392a-bbdb-15242f0db144/1_org_zoom.jpg,9,Dominant Kadın 7 Gün Basklı Pamuklu Likralı Külot 37000-704,,,,,,,,,,,,,
dominant-kad-n-7-gun-baskl-pamuklu-likral-kulot-37000-704,,,,,,,,,,,,,,,,,,,,,,,,,,,,,,,,https://cdn.dsmcdn.com/mnresize/128/192/ty1915/prod/QC_ENRICHMENT/20260618/11/b8d99d79-13c9-3bdc-bcfb-556ee7154aba/1_org_zoom.jpg,10,Dominant Kadın 7 Gün Basklı Pamuklu Likralı Külot 37000-704,,,,,,,,,,,,,
dominant-kad-n-camas-r-pamuklu-renkli-tanga-7-li-paket-s-m-l,Dominant Kadın Çamaşır Pamuklu Renkli TANGA 7'li Paket (S-M-L),"<p><a href=""https://www.trendyol.com/dominant/kadin-camasir-pamuklu-renkli-tanga-7-li-paket-s-m-l-p-1075834205?boutiqueId=61&merchantId=4341&filterOverPriceListings=false&sav=true"" rel=""nofollow"">Trendyol kaynak</a></p>
<p>Kaynak ID: 1075834205</p>",Dominant,Apparel & Accessories > Clothing > Underwear & Socks > Underwear,Kadın Tanga,"trendyol-import, Kadın, Külot, Tanga, dominant",true,Beden,S,,,,,,,,1075834205-2,0.0,shopify,100,deny,manual,321.00,,true,true,,,,,,https://cdn.dsmcdn.com/mnresize/620/920/ty1922/prod/QC_ENRICHMENT/20260617/13/abfb678c-21af-31f2-95ac-727472733519/1_org_zoom.jpg,1,Dominant Kadın Çamaşır Pamuklu Renkli TANGA 7'li Paket (S-M-L),false,Dominant Kadın Çamaşır Pamuklu Renkli TANGA 7'li Paket (S-M-L),,,,,kg,,,,,,active
dominant-kad-n-camas-r-pamuklu-renkli-tanga-7-li-paket-s-m-l,,,,,,,,Beden,M,,,,,,,,1075834205-3,0.0,shopify,100,deny,manual,321.00,,true,true,,,,,,,,,false,,,,,,kg,,,,,,
dominant-kad-n-camas-r-pamuklu-renkli-tanga-7-li-paket-s-m-l,,,,,,,,Beden,L,,,,,,,,1075834205-4,0.0,shopify,100,deny,manual,321.00,,true,true,,,,,,,,,false,,,,,,kg,,,,,,
dominant-kad-n-camas-r-pamuklu-renkli-tanga-7-li-paket-s-m-l,,,,,,,,,,,,,,,,,,,,,,,,,,,,,,,,https://cdn.dsmcdn.com/mnresize/620/920/ty1930/prod/QC_ENRICHMENT/20260617/13/d55b09eb-33bd-3d95-a6d5-f043615be5f5/1_org_zoom.jpg,2,Dominant Kadın Çamaşır Pamuklu Renkli TANGA 7'li Paket (S-M-L),,,,,,,,,,,,,
dominant-kad-n-camas-r-pamuklu-renkli-tanga-7-li-paket-s-m-l,,,,,,,,,,,,,,,,,,,,,,,,,,,,,,,,https://cdn.dsmcdn.com/mnresize/620/920/ty1909/prod/QC_ENRICHMENT/20260617/13/7ad4ffba-a4d8-31eb-ab8f-f11ab81e27fe/1_org_zoom.jpg,3,Dominant Kadın Çamaşır Pamuklu Renkli TANGA 7'li Paket (S-M-L),,,,,,,,,,,,,
dominant-kad-n-camas-r-pamuklu-renkli-tanga-7-li-paket-s-m-l,,,,,,,,,,,,,,,,,,,,,,,,,,,,,,,,https://cdn.dsmcdn.com/mnresize/620/920/ty1905/prod/QC_ENRICHMENT/20260617/13/f6601e2e-f1ad-3c0a-bdd0-0dfcb0e6e5b4/1_org_zoom.jpg,4,Dominant Kadın Çamaşır Pamuklu Renkli TANGA 7'li Paket (S-M-L),,,,,,,,,,,,,
dominant-kad-n-camas-r-pamuklu-renkli-tanga-7-li-paket-s-m-l,,,,,,,,,,,,,,,,,,,,,,,,,,,,,,,,https://cdn.dsmcdn.com/mnresize/620/920/ty1922/prod/QC_ENRICHMENT/20260617/13/72e893a5-09e6-3c1e-921e-be4623f1ea8c/1_org_zoom.jpg,5,Dominant Kadın Çamaşır Pamuklu Renkli TANGA 7'li Paket (S-M-L),,,,,,,,,,,,,
dominant-kad-n-camas-r-pamuklu-renkli-tanga-7-li-paket-s-m-l,,,,,,,,,,,,,,,,,,,,,,,,,,,,,,,,https://cdn.dsmcdn.com/mnresize/620/920/ty1912/prod/QC_ENRICHMENT/20260617/13/a419c08b-999e-3f20-b2c4-501d3c1bb864/1_org_zoom.jpg,6,Dominant Kadın Çamaşır Pamuklu Renkli TANGA 7'li Paket (S-M-L),,,,,,,,,,,,,
dominant-kad-n-camas-r-pamuklu-renkli-tanga-7-li-paket-s-m-l,,,,,,,,,,,,,,,,,,,,,,,,,,,,,,,,https://cdn.dsmcdn.com/mnresize/620/920/ty1895/prod/QC_ENRICHMENT/20260617/13/53a45a15-c60a-3c6c-b995-b8c3fb05fc59/1_org_zoom.jpg,7,Dominant Kadın Çamaşır Pamuklu Renkli TANGA 7'li Paket (S-M-L),,,,,,,,,,,,,
dominant-kad-n-camas-r-pamuklu-renkli-tanga-7-li-paket-s-m-l,,,,,,,,,,,,,,,,,,,,,,,,,,,,,,,,https://cdn.dsmcdn.com/mnresize/620/920/ty1920/prod/QC_ENRICHMENT/20260617/13/a9e72758-6097-32a1-89d0-4dd67cff3521/1_org_zoom.jpg,8,Dominant Kadın Çamaşır Pamuklu Renkli TANGA 7'li Paket (S-M-L),,,,,,,,,,,,,
dominant-kad-n-camas-r-pamuklu-renkli-tanga-7-li-paket-s-m-l,,,,,,,,,,,,,,,,,,,,,,,,,,,,,,,,https://cdn.dsmcdn.com/mnresize/128/192/ty1922/prod/QC_ENRICHMENT/20260617/13/abfb678c-21af-31f2-95ac-727472733519/1_org_zoom.jpg,9,Dominant Kadın Çamaşır Pamuklu Renkli TANGA 7'li Paket (S-M-L),,,,,,,,,,,,,
dominant-kad-n-camas-r-pamuklu-renkli-tanga-7-li-paket-s-m-l,,,,,,,,,,,,,,,,,,,,,,,,,,,,,,,,https://cdn.dsmcdn.com/mnresize/128/192/ty1939/prod/QC_ENRICHMENT/20260617/13/b9634ae5-aac1-3ce1-a9b7-b0f9bf5032c1/1_org_zoom.jpg,10,Dominant Kadın Çamaşır Pamuklu Renkli TANGA 7'li Paket (S-M-L),,,,,,,,,,,,,
dominant-kad-n-camas-r-pamuklu-renkli-brazilian-kulot-7-li-paket-s-m-l,Dominant Kadın Çamaşır Pamuklu Renkli BRAZİLİAN Külot 7'li Paket (S-M-L),"<p><a href=""https://www.trendyol.com/dominant/kadin-camasir-pamuklu-renkli-brazilian-kulot-7-li-paket-s-m-l-p-772528267?boutiqueId=61&merchantId=4341&filterOverPriceListings=false&sav=true"" rel=""nofollow"">Trendyol kaynak</a></p>
<p>Kaynak ID: 772528267</p>",Dominant,Apparel & Accessories > Clothing > Underwear & Socks > Underwear,Kadın Brazilian Külot,"trendyol-import, Kadın, Külot, Brazilian, dominant",true,Beden,S,,,,,,,,772528267-2,0.0,shopify,100,deny,manual,437.00,,true,true,,,,,,https://cdn.dsmcdn.com/mnresize/620/920/ty1929/prod/QC_ENRICHMENT/20260617/14/78c52ef9-5be8-30ec-91a7-10d6728841fd/1_org_zoom.jpg,1,Dominant Kadın Çamaşır Pamuklu Renkli BRAZİLİAN Külot 7'li Paket (S-M-L),false,Dominant Kadın Çamaşır Pamuklu Renkli BRAZİLİAN Külot 7'li Paket (S-M-L),,,,,kg,,,,,,active
dominant-kad-n-camas-r-pamuklu-renkli-brazilian-kulot-7-li-paket-s-m-l,,,,,,,,Beden,M,,,,,,,,772528267-3,0.0,shopify,100,deny,manual,437.00,,true,true,,,,,,,,,false,,,,,,kg,,,,,,
dominant-kad-n-camas-r-pamuklu-renkli-brazilian-kulot-7-li-paket-s-m-l,,,,,,,,Beden,L,,,,,,,,772528267-4,0.0,shopify,100,deny,manual,437.00,,true,true,,,,,,,,,false,,,,,,kg,,,,,,
dominant-kad-n-camas-r-pamuklu-renkli-brazilian-kulot-7-li-paket-s-m-l,,,,,,,,,,,,,,,,,,,,,,,,,,,,,,,,https://cdn.dsmcdn.com/mnresize/620/920/ty1903/prod/QC_ENRICHMENT/20260617/14/ee01bb48-f419-3918-9f26-4d6353c9107d/1_org_zoom.jpg,2,Dominant Kadın Çamaşır Pamuklu Renkli BRAZİLİAN Külot 7'li Paket (S-M-L),,,,,,,,,,,,,
dominant-kad-n-camas-r-pamuklu-renkli-brazilian-kulot-7-li-paket-s-m-l,,,,,,,,,,,,,,,,,,,,,,,,,,,,,,,,https://cdn.dsmcdn.com/mnresize/620/920/ty1940/prod/QC_ENRICHMENT/20260617/14/3721e17f-4f4d-3e0e-8aee-d020adbb7ccf/1_org_zoom.jpg,3,Dominant Kadın Çamaşır Pamuklu Renkli BRAZİLİAN Külot 7'li Paket (S-M-L),,,,,,,,,,,,,
dominant-kad-n-camas-r-pamuklu-renkli-brazilian-kulot-7-li-paket-s-m-l,,,,,,,,,,,,,,,,,,,,,,,,,,,,,,,,https://cdn.dsmcdn.com/mnresize/620/920/ty1919/prod/QC_ENRICHMENT/20260617/14/e03bdc28-f945-3d8a-8d09-1dfc05b65de9/1_org_zoom.jpg,4,Dominant Kadın Çamaşır Pamuklu Renkli BRAZİLİAN Külot 7'li Paket (S-M-L),,,,,,,,,,,,,
dominant-kad-n-camas-r-pamuklu-renkli-brazilian-kulot-7-li-paket-s-m-l,,,,,,,,,,,,,,,,,,,,,,,,,,,,,,,,https://cdn.dsmcdn.com/mnresize/620/920/ty1920/prod/QC_ENRICHMENT/20260617/14/34e1ad15-7dde-36ef-b660-ae83bf5f3c61/1_org_zoom.jpg,5,Dominant Kadın Çamaşır Pamuklu Renkli BRAZİLİAN Külot 7'li Paket (S-M-L),,,,,,,,,,,,,
dominant-kad-n-camas-r-pamuklu-renkli-brazilian-kulot-7-li-paket-s-m-l,,,,,,,,,,,,,,,,,,,,,,,,,,,,,,,,https://cdn.dsmcdn.com/mnresize/620/920/ty1934/prod/QC_ENRICHMENT/20260617/14/3af00459-e0fd-31ec-a5ce-c194d8a6321b/1_org_zoom.jpg,6,Dominant Kadın Çamaşır Pamuklu Renkli BRAZİLİAN Külot 7'li Paket (S-M-L),,,,,,,,,,,,,
dominant-kad-n-camas-r-pamuklu-renkli-brazilian-kulot-7-li-paket-s-m-l,,,,,,,,,,,,,,,,,,,,,,,,,,,,,,,,https://cdn.dsmcdn.com/mnresize/620/920/ty1920/prod/QC_ENRICHMENT/20260617/14/d7c79ff7-1e31-310c-93e9-0527b4768132/1_org_zoom.jpg,7,Dominant Kadın Çamaşır Pamuklu Renkli BRAZİLİAN Külot 7'li Paket (S-M-L),,,,,,,,,,,,,
dominant-kad-n-camas-r-pamuklu-renkli-brazilian-kulot-7-li-paket-s-m-l,,,,,,,,,,,,,,,,,,,,,,,,,,,,,,,,https://cdn.dsmcdn.com/mnresize/620/920/ty1909/prod/QC_ENRICHMENT/20260617/14/87da1e6c-09e1-3039-b7cf-1b2c9d232ef0/1_org_zoom.jpg,8,Dominant Kadın Çamaşır Pamuklu Renkli BRAZİLİAN Külot 7'li Paket (S-M-L),,,,,,,,,,,,,
dominant-kad-n-camas-r-pamuklu-renkli-brazilian-kulot-7-li-paket-s-m-l,,,,,,,,,,,,,,,,,,,,,,,,,,,,,,,,https://cdn.dsmcdn.com/mnresize/128/192/ty1931/prod/QC_ENRICHMENT/20260618/11/61199ec7-77b5-392a-bbdb-15242f0db144/1_org_zoom.jpg,9,Dominant Kadın Çamaşır Pamuklu Renkli BRAZİLİAN Külot 7'li Paket (S-M-L),,,,,,,,,,,,,
dominant-kad-n-camas-r-pamuklu-renkli-brazilian-kulot-7-li-paket-s-m-l,,,,,,,,,,,,,,,,,,,,,,,,,,,,,,,,https://cdn.dsmcdn.com/mnresize/128/192/ty1915/prod/QC_ENRICHMENT/20260618/11/b8d99d79-13c9-3bdc-bcfb-556ee7154aba/1_org_zoom.jpg,10,Dominant Kadın Çamaşır Pamuklu Renkli BRAZİLİAN Külot 7'li Paket (S-M-L),,,,,,,,,,,,,
dominant-kad-n-camas-r-pamuklu-renkli-brazilian-kulot-7-li-paket-s-m-l,Dominant Kadın Çamaşır Pamuklu Renkli BRAZİLİAN Külot 7'li Paket (S-M-L),"<p><a href=""https://www.trendyol.com/dominant/kadin-camasir-pamuklu-renkli-brazilian-kulot-7-li-paket-s-m-l-p-705077588?boutiqueId=61&merchantId=4341&filterOverPriceListings=false&sav=true"" rel=""nofollow"">Trendyol kaynak</a></p>
<p>Kaynak ID: 705077588</p>",Dominant,Apparel & Accessories > Clothing > Underwear & Socks > Underwear,Kadın Brazilian Külot,"trendyol-import, Kadın, Külot, Brazilian, dominant",true,Beden,S,,,,,,,,705077588-2,0.0,shopify,100,deny,manual,42.00,,true,true,,,,,,https://cdn.dsmcdn.com/mnresize/620/920/ty1892/prod/QC_ENRICHMENT/20260617/14/fdd4bf55-2b60-3684-b753-02aeee010475/1_org_zoom.jpg,1,Dominant Kadın Çamaşır Pamuklu Renkli BRAZİLİAN Külot 7'li Paket (S-M-L),false,Dominant Kadın Çamaşır Pamuklu Renkli BRAZİLİAN Külot 7'li Paket (S-M-L),,,,,kg,,,,,,active
dominant-kad-n-camas-r-pamuklu-renkli-brazilian-kulot-7-li-paket-s-m-l,,,,,,,,Beden,M,,,,,,,,705077588-3,0.0,shopify,100,deny,manual,42.00,,true,true,,,,,,,,,false,,,,,,kg,,,,,,
dominant-kad-n-camas-r-pamuklu-renkli-brazilian-kulot-7-li-paket-s-m-l,,,,,,,,Beden,L,,,,,,,,705077588-4,0.0,shopify,100,deny,manual,42.00,,true,true,,,,,,,,,false,,,,,,kg,,,,,,
dominant-kad-n-camas-r-pamuklu-renkli-brazilian-kulot-7-li-paket-s-m-l,,,,,,,,,,,,,,,,,,,,,,,,,,,,,,,,https://cdn.dsmcdn.com/mnresize/620/920/ty1902/prod/QC_ENRICHMENT/20260617/14/c7eb03f6-8645-3854-968c-274e2b7b5f41/1_org_zoom.jpg,2,Dominant Kadın Çamaşır Pamuklu Renkli BRAZİLİAN Külot 7'li Paket (S-M-L),,,,,,,,,,,,,
dominant-kad-n-camas-r-pamuklu-renkli-brazilian-kulot-7-li-paket-s-m-l,,,,,,,,,,,,,,,,,,,,,,,,,,,,,,,,https://cdn.dsmcdn.com/mnresize/620/920/ty1902/prod/QC_ENRICHMENT/20260617/14/536dac47-74e5-366a-87ba-6075d1f2cf82/1_org_zoom.jpg,3,Dominant Kadın Çamaşır Pamuklu Renkli BRAZİLİAN Külot 7'li Paket (S-M-L),,,,,,,,,,,,,
dominant-kad-n-camas-r-pamuklu-renkli-brazilian-kulot-7-li-paket-s-m-l,,,,,,,,,,,,,,,,,,,,,,,,,,,,,,,,https://cdn.dsmcdn.com/mnresize/128/192/ty1914/prod/QC_ENRICHMENT/20260617/14/455c943a-6ea2-3d5a-b7ed-fc198f213d07/1_org_zoom.jpg,4,Dominant Kadın Çamaşır Pamuklu Renkli BRAZİLİAN Külot 7'li Paket (S-M-L),,,,,,,,,,,,,
dominant-kad-n-camas-r-pamuklu-renkli-brazilian-kulot-7-li-paket-s-m-l,,,,,,,,,,,,,,,,,,,,,,,,,,,,,,,,https://cdn.dsmcdn.com/mnresize/128/192/ty1892/prod/QC_ENRICHMENT/20260617/14/fdd4bf55-2b60-3684-b753-02aeee010475/1_org_zoom.jpg,5,Dominant Kadın Çamaşır Pamuklu Renkli BRAZİLİAN Külot 7'li Paket (S-M-L),,,,,,,,,,,,,
dominant-kad-n-camas-r-pamuklu-renkli-brazilian-kulot-7-li-paket-s-m-l,,,,,,,,,,,,,,,,,,,,,,,,,,,,,,,,https://cdn.dsmcdn.com/mnresize/128/192/ty1920/prod/QC_ENRICHMENT/20260617/14/60c1eae9-3d60-3a89-9575-4743e9720d0b/1_org_zoom.jpg,6,Dominant Kadın Çamaşır Pamuklu Renkli BRAZİLİAN Külot 7'li Paket (S-M-L),,,,,,,,,,,,,
dominant-kad-n-camas-r-pamuklu-renkli-brazilian-kulot-7-li-paket-s-m-l,,,,,,,,,,,,,,,,,,,,,,,,,,,,,,,,https://cdn.dsmcdn.com/mnresize/128/192/ty1929/prod/QC_ENRICHMENT/20260618/11/d68b8b30-5973-3de1-8694-d60ef6a6ad13/1_org_zoom.jpg,7,Dominant Kadın Çamaşır Pamuklu Renkli BRAZİLİAN Külot 7'li Paket (S-M-L),,,,,,,,,,,,,
dominant-kad-n-camas-r-pamuklu-renkli-brazilian-kulot-7-li-paket-s-m-l,,,,,,,,,,,,,,,,,,,,,,,,,,,,,,,,https://cdn.dsmcdn.com/mnresize/128/192/ty1909/prod/QC_PREP/20260601/23/51c3e9ea-c267-3906-b1ac-1bd8fea1f920/1_org_zoom.jpg,8,Dominant Kadın Çamaşır Pamuklu Renkli BRAZİLİAN Külot 7'li Paket (S-M-L),,,,,,,,,,,,,
dominant-kad-n-camas-r-pamuklu-renkli-tanga-7-li-paket-s-m-l,Dominant Kadın Çamaşır Pamuklu Renkli TANGA 7'li Paket (S-M-L),"<p><a href=""https://www.trendyol.com/dominant/kadin-camasir-pamuklu-renkli-tanga-7-li-paket-s-m-l-p-1075834199?boutiqueId=61&merchantId=4341&filterOverPriceListings=false&sav=true"" rel=""nofollow"">Trendyol kaynak</a></p>
<p>Kaynak ID: 1075834199</p>",Dominant,Apparel & Accessories > Clothing > Underwear & Socks > Underwear,Kadın Tanga,"trendyol-import, Kadın, Külot, Tanga, dominant",true,Beden,M,,,,,,,,1075834199-2,0.0,shopify,100,deny,manual,322.00,,true,true,,,,,,https://cdn.dsmcdn.com/mnresize/620/920/ty1939/prod/QC_ENRICHMENT/20260617/13/b9634ae5-aac1-3ce1-a9b7-b0f9bf5032c1/1_org_zoom.jpg,1,Dominant Kadın Çamaşır Pamuklu Renkli TANGA 7'li Paket (S-M-L),false,Dominant Kadın Çamaşır Pamuklu Renkli TANGA 7'li Paket (S-M-L),,,,,kg,,,,,,active
dominant-kad-n-camas-r-pamuklu-renkli-tanga-7-li-paket-s-m-l,,,,,,,,Beden,S,,,,,,,,1075834199-3,0.0,shopify,100,deny,manual,322.00,,true,true,,,,,,,,,false,,,,,,kg,,,,,,
dominant-kad-n-camas-r-pamuklu-renkli-tanga-7-li-paket-s-m-l,,,,,,,,Beden,L,,,,,,,,1075834199-4,0.0,shopify,100,deny,manual,322.00,,true,true,,,,,,,,,false,,,,,,kg,,,,,,
dominant-kad-n-camas-r-pamuklu-renkli-tanga-7-li-paket-s-m-l,,,,,,,,,,,,,,,,,,,,,,,,,,,,,,,,https://cdn.dsmcdn.com/mnresize/620/920/ty1902/prod/QC_ENRICHMENT/20260617/13/b6a1005b-2de6-37ec-a441-f47b4985a4ff/1_org_zoom.jpg,2,Dominant Kadın Çamaşır Pamuklu Renkli TANGA 7'li Paket (S-M-L),,,,,,,,,,,,,
dominant-kad-n-camas-r-pamuklu-renkli-tanga-7-li-paket-s-m-l,,,,,,,,,,,,,,,,,,,,,,,,,,,,,,,,https://cdn.dsmcdn.com/mnresize/620/920/ty1907/prod/QC_ENRICHMENT/20260617/13/7d5c3ffd-ba96-36ac-a3fc-a75e112eff47/1_org_zoom.jpg,3,Dominant Kadın Çamaşır Pamuklu Renkli TANGA 7'li Paket (S-M-L),,,,,,,,,,,,,
dominant-kad-n-camas-r-pamuklu-renkli-tanga-7-li-paket-s-m-l,,,,,,,,,,,,,,,,,,,,,,,,,,,,,,,,https://cdn.dsmcdn.com/mnresize/620/920/ty1908/prod/QC_ENRICHMENT/20260617/13/bb2fb92e-de3b-3d8f-8986-8b6e76410b58/1_org_zoom.jpg,4,Dominant Kadın Çamaşır Pamuklu Renkli TANGA 7'li Paket (S-M-L),,,,,,,,,,,,,
dominant-kad-n-camas-r-pamuklu-renkli-tanga-7-li-paket-s-m-l,,,,,,,,,,,,,,,,,,,,,,,,,,,,,,,,https://cdn.dsmcdn.com/mnresize/620/920/ty1919/prod/QC_ENRICHMENT/20260617/13/d3e5bf21-0b33-33c5-a514-ae3b9477f7ed/1_org_zoom.jpg,5,Dominant Kadın Çamaşır Pamuklu Renkli TANGA 7'li Paket (S-M-L),,,,,,,,,,,,,
dominant-kad-n-camas-r-pamuklu-renkli-tanga-7-li-paket-s-m-l,,,,,,,,,,,,,,,,,,,,,,,,,,,,,,,,https://cdn.dsmcdn.com/mnresize/620/920/ty1914/prod/QC_ENRICHMENT/20260617/13/cc750df9-7ae6-37d4-aa2d-ec2422d99273/1_org_zoom.jpg,6,Dominant Kadın Çamaşır Pamuklu Renkli TANGA 7'li Paket (S-M-L),,,,,,,,,,,,,
dominant-kad-n-camas-r-pamuklu-renkli-tanga-7-li-paket-s-m-l,,,,,,,,,,,,,,,,,,,,,,,,,,,,,,,,https://cdn.dsmcdn.com/mnresize/620/920/ty1919/prod/QC_ENRICHMENT/20260617/13/26a89f0f-eb84-37e5-924a-2bef63a9434e/1_org_zoom.jpg,7,Dominant Kadın Çamaşır Pamuklu Renkli TANGA 7'li Paket (S-M-L),,,,,,,,,,,,,
dominant-kad-n-camas-r-pamuklu-renkli-tanga-7-li-paket-s-m-l,,,,,,,,,,,,,,,,,,,,,,,,,,,,,,,,https://cdn.dsmcdn.com/mnresize/620/920/ty1937/prod/QC_ENRICHMENT/20260617/13/cae082de-b771-34ad-bf15-d9dcba19bd99/1_org_zoom.jpg,8,Dominant Kadın Çamaşır Pamuklu Renkli TANGA 7'li Paket (S-M-L),,,,,,,,,,,,,
dominant-kad-n-camas-r-pamuklu-renkli-tanga-7-li-paket-s-m-l,,,,,,,,,,,,,,,,,,,,,,,,,,,,,,,,https://cdn.dsmcdn.com/mnresize/128/192/ty1922/prod/QC_ENRICHMENT/20260617/13/abfb678c-21af-31f2-95ac-727472733519/1_org_zoom.jpg,9,Dominant Kadın Çamaşır Pamuklu Renkli TANGA 7'li Paket (S-M-L),,,,,,,,,,,,,
dominant-kad-n-camas-r-pamuklu-renkli-tanga-7-li-paket-s-m-l,,,,,,,,,,,,,,,,,,,,,,,,,,,,,,,,https://cdn.dsmcdn.com/mnresize/128/192/ty1939/prod/QC_ENRICHMENT/20260617/13/b9634ae5-aac1-3ce1-a9b7-b0f9bf5032c1/1_org_zoom.jpg,10,Dominant Kadın Çamaşır Pamuklu Renkli TANGA 7'li Paket (S-M-L),,,,,,,,,,,,,
dominant-kad-n-camas-r-pamuklu-renkli-firfirli-bikini-kulot-5-li-paket-s-m-l,Dominant Kadın Çamaşır Pamuklu Renkli FIRFIRLI BİKİNİ Külot 5'li Paket (S-M-L,"<p><a href=""https://www.trendyol.com/dominant/kadin-camasir-pamuklu-renkli-firfirli-bikini-kulot-5-li-paket-s-m-l-p-875968603?boutiqueId=61&merchantId=4341&filterOverPriceListings=false&sav=true"" rel=""nofollow"">Trendyol kaynak</a></p>
<p>Kaynak ID: 875968603</p>",Dominant,Apparel & Accessories > Clothing > Underwear & Socks > Underwear,Kadın Bikini Külot,"trendyol-import, Kadın, Külot, Bikini, dominant",true,Beden,L,,,,,,,,875968603-2,0.0,shopify,100,deny,manual,467.00,,true,true,,,,,,https://cdn.dsmcdn.com/mnresize/620/920/ty1941/prod/QC_ENRICHMENT/20260617/15/542cda55-dfba-37d3-a5f0-d2b1f28b9351/1_org_zoom.jpg,1,Dominant Kadın Çamaşır Pamuklu Renkli FIRFIRLI BİKİNİ Külot 5'li Paket (S-M-L,false,Dominant Kadın Çamaşır Pamuklu Renkli FIRFIRLI BİKİNİ Külot 5'li Paket (S-M-L,,,,,kg,,,,,,active
dominant-kad-n-camas-r-pamuklu-renkli-firfirli-bikini-kulot-5-li-paket-s-m-l,,,,,,,,Beden,S,,,,,,,,875968603-3,0.0,shopify,100,deny,manual,467.00,,true,true,,,,,,,,,false,,,,,,kg,,,,,,
dominant-kad-n-camas-r-pamuklu-renkli-firfirli-bikini-kulot-5-li-paket-s-m-l,,,,,,,,Beden,M,,,,,,,,875968603-4,0.0,shopify,100,deny,manual,467.00,,true,true,,,,,,,,,false,,,,,,kg,,,,,,
dominant-kad-n-camas-r-pamuklu-renkli-firfirli-bikini-kulot-5-li-paket-s-m-l,,,,,,,,,,,,,,,,,,,,,,,,,,,,,,,,https://cdn.dsmcdn.com/mnresize/620/920/ty1927/prod/QC_ENRICHMENT/20260617/15/b320a5ce-edeb-3f84-83d9-3fb1d3fff324/1_org_zoom.jpg,2,Dominant Kadın Çamaşır Pamuklu Renkli FIRFIRLI BİKİNİ Külot 5'li Paket (S-M-L,,,,,,,,,,,,,
dominant-kad-n-camas-r-pamuklu-renkli-firfirli-bikini-kulot-5-li-paket-s-m-l,,,,,,,,,,,,,,,,,,,,,,,,,,,,,,,,https://cdn.dsmcdn.com/mnresize/620/920/ty1908/prod/QC_ENRICHMENT/20260617/15/0bc610a6-9793-350b-a787-c2fc8c5399ec/1_org_zoom.jpg,3,Dominant Kadın Çamaşır Pamuklu Renkli FIRFIRLI BİKİNİ Külot 5'li Paket (S-M-L,,,,,,,,,,,,,
dominant-kad-n-camas-r-pamuklu-renkli-firfirli-bikini-kulot-5-li-paket-s-m-l,,,,,,,,,,,,,,,,,,,,,,,,,,,,,,,,https://cdn.dsmcdn.com/mnresize/620/920/ty1915/prod/QC_ENRICHMENT/20260617/15/3d3ba612-14ea-3b56-b467-e7cd5a2f25cc/1_org_zoom.jpg,4,Dominant Kadın Çamaşır Pamuklu Renkli FIRFIRLI BİKİNİ Külot 5'li Paket (S-M-L,,,,,,,,,,,,,
dominant-kad-n-camas-r-pamuklu-renkli-firfirli-bikini-kulot-5-li-paket-s-m-l,,,,,,,,,,,,,,,,,,,,,,,,,,,,,,,,https://cdn.dsmcdn.com/mnresize/620/920/ty1924/prod/QC_ENRICHMENT/20260617/15/5312b4b9-6dc0-3803-84a0-dd54d54e129d/1_org_zoom.jpg,5,Dominant Kadın Çamaşır Pamuklu Renkli FIRFIRLI BİKİNİ Külot 5'li Paket (S-M-L,,,,,,,,,,,,,
dominant-kad-n-camas-r-pamuklu-renkli-firfirli-bikini-kulot-5-li-paket-s-m-l,,,,,,,,,,,,,,,,,,,,,,,,,,,,,,,,https://cdn.dsmcdn.com/mnresize/620/920/ty1929/prod/QC_ENRICHMENT/20260617/15/d554e53b-97ac-3270-b444-393282cd0e14/1_org_zoom.jpg,6,Dominant Kadın Çamaşır Pamuklu Renkli FIRFIRLI BİKİNİ Külot 5'li Paket (S-M-L,,,,,,,,,,,,,
dominant-kad-n-camas-r-pamuklu-renkli-firfirli-bikini-kulot-5-li-paket-s-m-l,,,,,,,,,,,,,,,,,,,,,,,,,,,,,,,,https://cdn.dsmcdn.com/mnresize/128/192/ty1941/prod/QC_ENRICHMENT/20260617/15/542cda55-dfba-37d3-a5f0-d2b1f28b9351/1_org_zoom.jpg,7,Dominant Kadın Çamaşır Pamuklu Renkli FIRFIRLI BİKİNİ Külot 5'li Paket (S-M-L,,,,,,,,,,,,,
dominant-kad-n-camas-r-pamuklu-renkli-firfirli-bikini-kulot-5-li-paket-s-m-l,,,,,,,,,,,,,,,,,,,,,,,,,,,,,,,,https://cdn.dsmcdn.com/mnresize/128/192/ty1893/prod/QC_ENRICHMENT/20260617/15/41165b2d-d68c-32cb-bc63-12611792b435/1_org_zoom.jpg,8,Dominant Kadın Çamaşır Pamuklu Renkli FIRFIRLI BİKİNİ Külot 5'li Paket (S-M-L,,,,,,,,,,,,,
dominant-kad-n-camas-r-pamuklu-renkli-firfirli-bikini-kulot-5-li-paket-s-m-l,,,,,,,,,,,,,,,,,,,,,,,,,,,,,,,,https://cdn.dsmcdn.com/mnresize/128/192/ty1907/prod/QC_ENRICHMENT/20260617/15/81df9323-7874-3a57-b875-b216b6371cb0/1_org_zoom.jpg,9,Dominant Kadın Çamaşır Pamuklu Renkli FIRFIRLI BİKİNİ Külot 5'li Paket (S-M-L,,,,,,,,,,,,,
dominant-kad-n-camas-r-pamuklu-renkli-firfirli-bikini-kulot-5-li-paket-s-m-l,,,,,,,,,,,,,,,,,,,,,,,,,,,,,,,,https://cdn.dsmcdn.com/mnresize/128/192/ty1908/prod/QC_ENRICHMENT/20260617/15/81880376-c811-317b-900f-4ff6cbd63035/1_org_zoom.jpg,10,Dominant Kadın Çamaşır Pamuklu Renkli FIRFIRLI BİKİNİ Külot 5'li Paket (S-M-L,,,,,,,,,,,,,
dominant-kad-n-camas-r-pamuklu-renkli-bikini-kulot-7-li-paket,Dominant Kadın Çamaşır Pamuklu Renkli BİKİNİ Külot 7'li Paket,"<p><a href=""https://www.trendyol.com/dominant/kadin-camasir-pamuklu-renkli-bikini-kulot-7-li-paket-p-1092834144?boutiqueId=61&merchantId=4341&filterOverPriceListings=false&sav=true"" rel=""nofollow"">Trendyol kaynak</a></p>
<p>Kaynak ID: 1092834144</p>",Dominant,Apparel & Accessories > Clothing > Underwear & Socks > Underwear,Kadın Bikini Külot,"trendyol-import, Kadın, Külot, Bikini, dominant",true,Beden,S,,,,,,,,1092834144-2,0.0,shopify,100,deny,manual,355.00,,true,true,,,,,,https://cdn.dsmcdn.com/mnresize/620/920/ty1905/prod/QC_ENRICHMENT/20260618/11/34015cd4-5c2c-35cf-b5ad-67347622ec52/1_org_zoom.jpg,1,Dominant Kadın Çamaşır Pamuklu Renkli BİKİNİ Külot 7'li Paket,false,Dominant Kadın Çamaşır Pamuklu Renkli BİKİNİ Külot 7'li Paket,,,,,kg,,,,,,active
dominant-kad-n-camas-r-pamuklu-renkli-bikini-kulot-7-li-paket,,,,,,,,Beden,M,,,,,,,,1092834144-3,0.0,shopify,100,deny,manual,355.00,,true,true,,,,,,,,,false,,,,,,kg,,,,,,
dominant-kad-n-camas-r-pamuklu-renkli-bikini-kulot-7-li-paket,,,,,,,,Beden,L,,,,,,,,1092834144-4,0.0,shopify,100,deny,manual,355.00,,true,true,,,,,,,,,false,,,,,,kg,,,,,,
dominant-kad-n-camas-r-pamuklu-renkli-bikini-kulot-7-li-paket,,,,,,,,Beden,XL,,,,,,,,1092834144-5,0.0,shopify,100,deny,manual,355.00,,true,true,,,,,,,,,false,,,,,,kg,,,,,,
dominant-kad-n-camas-r-pamuklu-renkli-bikini-kulot-7-li-paket,,,,,,,,,,,,,,,,,,,,,,,,,,,,,,,,https://cdn.dsmcdn.com/mnresize/620/920/ty1916/prod/QC_ENRICHMENT/20260618/11/21e6a664-55de-3a77-b663-ddad0a1ae291/1_org_zoom.jpg,2,Dominant Kadın Çamaşır Pamuklu Renkli BİKİNİ Külot 7'li Paket,,,,,,,,,,,,,
dominant-kad-n-camas-r-pamuklu-renkli-bikini-kulot-7-li-paket,,,,,,,,,,,,,,,,,,,,,,,,,,,,,,,,https://cdn.dsmcdn.com/mnresize/128/192/ty1905/prod/QC_ENRICHMENT/20260618/11/34015cd4-5c2c-35cf-b5ad-67347622ec52/1_org_zoom.jpg,3,Dominant Kadın Çamaşır Pamuklu Renkli BİKİNİ Külot 7'li Paket,,,,,,,,,,,,,
dominant-kad-n-camas-r-pamuklu-renkli-bikini-kulot-7-li-paket,,,,,,,,,,,,,,,,,,,,,,,,,,,,,,,,https://cdn.dsmcdn.com/mnresize/128/192/ty1815/prod/QC_PREP/20260127/17/37a4a266-e000-3c23-bb30-86cacdeb04a6/1_org_zoom.jpg,4,Dominant Kadın Çamaşır Pamuklu Renkli BİKİNİ Külot 7'li Paket,,,,,,,,,,,,,
dominant-kad-n-renkli-7gun-pamuklu-likral-kulot-37000-659,Dominant Kadın Renkli 7Gün Pamuklu Likralı Külot 37000-659,"<p><a href=""https://www.trendyol.com/dominant/kadin-renkli-7gun-pamuklu-likrali-kulot-37000-659-p-839285521?boutiqueId=61&merchantId=4341&filterOverPriceListings=false&sav=true"" rel=""nofollow"">Trendyol kaynak</a></p>
<p>Kaynak ID: 839285521</p>",Dominant,Apparel & Accessories > Clothing > Underwear & Socks > Underwear,Kadın Külot,"trendyol-import, Kadın, Külot, dominant",true,Beden,S,,,,,,,,839285521-2,0.0,shopify,100,deny,manual,410.00,,true,true,,,,,,https://cdn.dsmcdn.com/mnresize/620/920/ty1906/prod/QC_ENRICHMENT/20260618/11/8f234944-5dac-37bb-8ccf-824953fef953/1_org_zoom.jpg,1,Dominant Kadın Renkli 7Gün Pamuklu Likralı Külot 37000-659,false,Dominant Kadın Renkli 7Gün Pamuklu Likralı Külot 37000-659,,,,,kg,,,,,,active
dominant-kad-n-renkli-7gun-pamuklu-likral-kulot-37000-659,,,,,,,,Beden,M,,,,,,,,839285521-3,0.0,shopify,100,deny,manual,410.00,,true,true,,,,,,,,,false,,,,,,kg,,,,,,
dominant-kad-n-renkli-7gun-pamuklu-likral-kulot-37000-659,,,,,,,,Beden,L,,,,,,,,839285521-4,0.0,shopify,100,deny,manual,410.00,,true,true,,,,,,,,,false,,,,,,kg,,,,,,
dominant-kad-n-renkli-7gun-pamuklu-likral-kulot-37000-659,,,,,,,,Beden,XL,,,,,,,,839285521-5,0.0,shopify,100,deny,manual,410.00,,true,true,,,,,,,,,false,,,,,,kg,,,,,,
dominant-kad-n-renkli-7gun-pamuklu-likral-kulot-37000-659,,,,,,,,Beden,2XL,,,,,,,,839285521-6,0.0,shopify,100,deny,manual,410.00,,true,true,,,,,,,,,false,,,,,,kg,,,,,,
dominant-kad-n-renkli-7gun-pamuklu-likral-kulot-37000-659,,,,,,,,,,,,,,,,,,,,,,,,,,,,,,,,https://cdn.dsmcdn.com/mnresize/620/920/ty1918/prod/QC_ENRICHMENT/20260618/11/f1909c8c-7907-32e5-bfba-1f875998a1bb/1_org_zoom.jpg,2,Dominant Kadın Renkli 7Gün Pamuklu Likralı Külot 37000-659,,,,,,,,,,,,,
dominant-kad-n-renkli-7gun-pamuklu-likral-kulot-37000-659,,,,,,,,,,,,,,,,,,,,,,,,,,,,,,,,https://cdn.dsmcdn.com/mnresize/620/920/ty1895/prod/QC_ENRICHMENT/20260618/11/4219469b-2912-3d6e-8dd0-d6fa9e6dc9c7/1_org_zoom.jpg,3,Dominant Kadın Renkli 7Gün Pamuklu Likralı Külot 37000-659,,,,,,,,,,,,,
dominant-kad-n-renkli-7gun-pamuklu-likral-kulot-37000-659,,,,,,,,,,,,,,,,,,,,,,,,,,,,,,,,https://cdn.dsmcdn.com/mnresize/620/920/ty1915/prod/QC_ENRICHMENT/20260618/11/9c144c7f-1336-34d9-ba51-0f5749553308/1_org_zoom.jpg,4,Dominant Kadın Renkli 7Gün Pamuklu Likralı Külot 37000-659,,,,,,,,,,,,,
dominant-kad-n-renkli-7gun-pamuklu-likral-kulot-37000-659,,,,,,,,,,,,,,,,,,,,,,,,,,,,,,,,https://cdn.dsmcdn.com/mnresize/620/920/ty1907/prod/QC_ENRICHMENT/20260618/11/8bb2bf0e-bf2e-3d7b-a98b-6a24bcf6e418/1_org_zoom.jpg,5,Dominant Kadın Renkli 7Gün Pamuklu Likralı Külot 37000-659,,,,,,,,,,,,,
dominant-kad-n-renkli-7gun-pamuklu-likral-kulot-37000-659,,,,,,,,,,,,,,,,,,,,,,,,,,,,,,,,https://cdn.dsmcdn.com/mnresize/620/920/ty1911/prod/QC_ENRICHMENT/20260618/11/ccce4fad-8f0f-3b25-899e-c945687a7105/1_org_zoom.jpg,6,Dominant Kadın Renkli 7Gün Pamuklu Likralı Külot 37000-659,,,,,,,,,,,,,
dominant-kad-n-renkli-7gun-pamuklu-likral-kulot-37000-659,,,,,,,,,,,,,,,,,,,,,,,,,,,,,,,,https://cdn.dsmcdn.com/mnresize/620/920/ty1915/prod/QC_ENRICHMENT/20260618/11/3633308a-8b12-3c48-ba45-da975955aa3d/1_org_zoom.jpg,7,Dominant Kadın Renkli 7Gün Pamuklu Likralı Külot 37000-659,,,,,,,,,,,,,
dominant-kad-n-renkli-7gun-pamuklu-likral-kulot-37000-659,,,,,,,,,,,,,,,,,,,,,,,,,,,,,,,,https://cdn.dsmcdn.com/mnresize/620/920/ty1927/prod/QC_ENRICHMENT/20260618/11/37dc0bfa-3f15-3d19-a81a-b27725c8e42f/1_org_zoom.jpg,8,Dominant Kadın Renkli 7Gün Pamuklu Likralı Külot 37000-659,,,,,,,,,,,,,
dominant-kad-n-renkli-7gun-pamuklu-likral-kulot-37000-659,,,,,,,,,,,,,,,,,,,,,,,,,,,,,,,,https://cdn.dsmcdn.com/mnresize/128/192/ty1931/prod/QC_ENRICHMENT/20260618/11/61199ec7-77b5-392a-bbdb-15242f0db144/1_org_zoom.jpg,9,Dominant Kadın Renkli 7Gün Pamuklu Likralı Külot 37000-659,,,,,,,,,,,,,
dominant-kad-n-renkli-7gun-pamuklu-likral-kulot-37000-659,,,,,,,,,,,,,,,,,,,,,,,,,,,,,,,,https://cdn.dsmcdn.com/mnresize/128/192/ty1915/prod/QC_ENRICHMENT/20260618/11/b8d99d79-13c9-3bdc-bcfb-556ee7154aba/1_org_zoom.jpg,10,Dominant Kadın Renkli 7Gün Pamuklu Likralı Külot 37000-659,,,,,,,,,,,,,
dominant-kad-n-renkli-yuksel-bel-pamuklu-likral-kulot7-li-paket-32350,Dominant Kadın Renkli Yüksel Bel Pamuklu Likralı Külot7'li Paket 32350,"<p><a href=""https://www.trendyol.com/dominant/kadin-renkli-yuksel-bel-pamuklu-likrali-kulot7-li-paket-32350-p-835655334?boutiqueId=61&merchantId=4341&filterOverPriceListings=false&sav=true"" rel=""nofollow"">Trendyol kaynak</a></p>
<p>Kaynak ID: 835655334</p>",Dominant,Apparel & Accessories > Clothing > Underwear & Socks > Underwear,Kadın Külot,"trendyol-import, Kadın, Külot, dominant",true,Beden,L/XL,,,,,,,,835655334-2,0.0,shopify,100,deny,manual,450.00,,true,true,,,,,,https://cdn.dsmcdn.com/mnresize/620/920/ty1378/product/media/images/prod/QC/20240623/16/165d7be9-80dc-3529-afb0-0011aa95bf0b/1_org_zoom.jpg,1,Dominant Kadın Renkli Yüksel Bel Pamuklu Likralı Külot7'li Paket 32350,false,Dominant Kadın Renkli Yüksel Bel Pamuklu Likralı Külot7'li Paket 32350,,,,,kg,,,,,,active
dominant-kad-n-renkli-yuksel-bel-pamuklu-likral-kulot7-li-paket-32350,,,,,,,,Beden,S/M,,,,,,,,835655334-4,0.0,shopify,100,deny,manual,450.00,,true,true,,,,,,,,,false,,,,,,kg,,,,,,
dominant-kad-n-renkli-yuksel-bel-pamuklu-likral-kulot7-li-paket-32350,,,,,,,,,,,,,,,,,,,,,,,,,,,,,,,,https://cdn.dsmcdn.com/mnresize/128/192/ty1931/prod/QC_ENRICHMENT/20260618/11/61199ec7-77b5-392a-bbdb-15242f0db144/1_org_zoom.jpg,2,Dominant Kadın Renkli Yüksel Bel Pamuklu Likralı Külot7'li Paket 32350,,,,,,,,,,,,,
dominant-kad-n-renkli-yuksel-bel-pamuklu-likral-kulot7-li-paket-32350,,,,,,,,,,,,,,,,,,,,,,,,,,,,,,,,https://cdn.dsmcdn.com/mnresize/128/192/ty1915/prod/QC_ENRICHMENT/20260618/11/b8d99d79-13c9-3bdc-bcfb-556ee7154aba/1_org_zoom.jpg,3,Dominant Kadın Renkli Yüksel Bel Pamuklu Likralı Külot7'li Paket 32350,,,,,,,,,,,,,
dominant-kad-n-renkli-yuksel-bel-pamuklu-likral-kulot7-li-paket-32350,,,,,,,,,,,,,,,,,,,,,,,,,,,,,,,,https://cdn.dsmcdn.com/mnresize/128/192/ty1929/prod/QC_ENRICHMENT/20260617/14/78c52ef9-5be8-30ec-91a7-10d6728841fd/1_org_zoom.jpg,4,Dominant Kadın Renkli Yüksel Bel Pamuklu Likralı Külot7'li Paket 32350,,,,,,,,,,,,,
dominant-kad-n-renkli-yuksel-bel-pamuklu-likral-kulot7-li-paket-32350,,,,,,,,,,,,,,,,,,,,,,,,,,,,,,,,https://cdn.dsmcdn.com/mnresize/128/192/ty1909/prod/QC_ENRICHMENT/20260618/11/a0b1deb2-aec1-37e4-b32e-cb0aed326ff9/1_org_zoom.jpg,5,Dominant Kadın Renkli Yüksel Bel Pamuklu Likralı Külot7'li Paket 32350,,,,,,,,,,,,,
dominant-kad-n-renkli-yuksel-bel-pamuklu-likral-kulot7-li-paket-32350,,,,,,,,,,,,,,,,,,,,,,,,,,,,,,,,https://cdn.dsmcdn.com/mnresize/128/192/ty1906/prod/QC_ENRICHMENT/20260618/11/8f234944-5dac-37bb-8ccf-824953fef953/1_org_zoom.jpg,6,Dominant Kadın Renkli Yüksel Bel Pamuklu Likralı Külot7'li Paket 32350,,,,,,,,,,,,,
dominant-kad-n-renkli-yuksel-bel-pamuklu-likral-kulot7-li-paket-32350,,,,,,,,,,,,,,,,,,,,,,,,,,,,,,,,https://cdn.dsmcdn.com/mnresize/128/192/ty1378/product/media/images/prod/QC/20240623/16/165d7be9-80dc-3529-afb0-0011aa95bf0b/1_org_zoom.jpg,7,Dominant Kadın Renkli Yüksel Bel Pamuklu Likralı Külot7'li Paket 32350,,,,,,,,,,,,,
dominant-kad-n-renkli-yuksel-bel-pamuklu-likral-kulot7-li-paket-32350,,,,,,,,,,,,,,,,,,,,,,,,,,,,,,,,https://cdn.dsmcdn.com/mnresize/128/192/ty1920/prod/QC_ENRICHMENT/20260618/11/70be4635-231c-3dee-a382-89e13c9c9765/1_org_zoom.jpg,8,Dominant Kadın Renkli Yüksel Bel Pamuklu Likralı Külot7'li Paket 32350,,,,,,,,,,,,,
dominant-kad-n-renkli-yuksel-bel-pamuklu-likral-kulot7-li-paket-32350,,,,,,,,,,,,,,,,,,,,,,,,,,,,,,,,https://cdn.dsmcdn.com/mnresize/128/192/ty1328/product/media/images/prod/QC/20240523/17/c1b8a1ab-df22-3ce2-a4e5-88ca0b0e1064/1_org_zoom.jpg,9,Dominant Kadın Renkli Yüksel Bel Pamuklu Likralı Külot7'li Paket 32350,,,,,,,,,,,,,
dominant-kad-n-camas-r-pamuklu-renkli-brazilian-kulot-7-li-paket-s-m-l,Dominant Kadın Çamaşır Pamuklu Renkli BRAZİLİAN Külot 7'li Paket (S-M-L),"<p><a href=""https://www.trendyol.com/dominant/kadin-camasir-pamuklu-renkli-brazilian-kulot-7-li-paket-s-m-l-p-780504346?boutiqueId=61&merchantId=4341&filterOverPriceListings=false&sav=true"" rel=""nofollow"">Trendyol kaynak</a></p>
<p>Kaynak ID: 780504346</p>",Dominant,Apparel & Accessories > Clothing > Underwear & Socks > Underwear,Kadın Brazilian Külot,"trendyol-import, Kadın, Külot, Brazilian, dominant",true,Beden,S,,,,,,,,780504346-2,0.0,shopify,100,deny,manual,42.00,,true,true,,,,,,https://cdn.dsmcdn.com/mnresize/620/920/ty1920/prod/QC_ENRICHMENT/20260617/14/60c1eae9-3d60-3a89-9575-4743e9720d0b/1_org_zoom.jpg,1,Dominant Kadın Çamaşır Pamuklu Renkli BRAZİLİAN Külot 7'li Paket (S-M-L),false,Dominant Kadın Çamaşır Pamuklu Renkli BRAZİLİAN Külot 7'li Paket (S-M-L),,,,,kg,,,,,,active
dominant-kad-n-camas-r-pamuklu-renkli-brazilian-kulot-7-li-paket-s-m-l,,,,,,,,Beden,M,,,,,,,,780504346-3,0.0,shopify,100,deny,manual,42.00,,true,true,,,,,,,,,false,,,,,,kg,,,,,,
dominant-kad-n-camas-r-pamuklu-renkli-brazilian-kulot-7-li-paket-s-m-l,,,,,,,,Beden,L,,,,,,,,780504346-4,0.0,shopify,100,deny,manual,42.00,,true,true,,,,,,,,,false,,,,,,kg,,,,,,
dominant-kad-n-camas-r-pamuklu-renkli-brazilian-kulot-7-li-paket-s-m-l,,,,,,,,,,,,,,,,,,,,,,,,,,,,,,,,https://cdn.dsmcdn.com/mnresize/620/920/ty1897/prod/QC_ENRICHMENT/20260617/14/dde68dd6-9078-357d-9269-43551471280c/1_org_zoom.jpg,2,Dominant Kadın Çamaşır Pamuklu Renkli BRAZİLİAN Külot 7'li Paket (S-M-L),,,,,,,,,,,,,
dominant-kad-n-camas-r-pamuklu-renkli-brazilian-kulot-7-li-paket-s-m-l,,,,,,,,,,,,,,,,,,,,,,,,,,,,,,,,https://cdn.dsmcdn.com/mnresize/620/920/ty1910/prod/QC_ENRICHMENT/20260617/14/7731cfe3-41ec-3649-9061-d5ffad711b99/1_org_zoom.jpg,3,Dominant Kadın Çamaşır Pamuklu Renkli BRAZİLİAN Külot 7'li Paket (S-M-L),,,,,,,,,,,,,
dominant-kad-n-camas-r-pamuklu-renkli-brazilian-kulot-7-li-paket-s-m-l,,,,,,,,,,,,,,,,,,,,,,,,,,,,,,,,https://cdn.dsmcdn.com/mnresize/128/192/ty1914/prod/QC_ENRICHMENT/20260617/14/455c943a-6ea2-3d5a-b7ed-fc198f213d07/1_org_zoom.jpg,4,Dominant Kadın Çamaşır Pamuklu Renkli BRAZİLİAN Külot 7'li Paket (S-M-L),,,,,,,,,,,,,
dominant-kad-n-camas-r-pamuklu-renkli-brazilian-kulot-7-li-paket-s-m-l,,,,,,,,,,,,,,,,,,,,,,,,,,,,,,,,https://cdn.dsmcdn.com/mnresize/128/192/ty1892/prod/QC_ENRICHMENT/20260617/14/fdd4bf55-2b60-3684-b753-02aeee010475/1_org_zoom.jpg,5,Dominant Kadın Çamaşır Pamuklu Renkli BRAZİLİAN Külot 7'li Paket (S-M-L),,,,,,,,,,,,,
dominant-kad-n-camas-r-pamuklu-renkli-brazilian-kulot-7-li-paket-s-m-l,,,,,,,,,,,,,,,,,,,,,,,,,,,,,,,,https://cdn.dsmcdn.com/mnresize/128/192/ty1920/prod/QC_ENRICHMENT/20260617/14/60c1eae9-3d60-3a89-9575-4743e9720d0b/1_org_zoom.jpg,6,Dominant Kadın Çamaşır Pamuklu Renkli BRAZİLİAN Külot 7'li Paket (S-M-L),,,,,,,,,,,,,
dominant-kad-n-camas-r-pamuklu-renkli-brazilian-kulot-7-li-paket-s-m-l,,,,,,,,,,,,,,,,,,,,,,,,,,,,,,,,https://cdn.dsmcdn.com/mnresize/128/192/ty1929/prod/QC_ENRICHMENT/20260618/11/d68b8b30-5973-3de1-8694-d60ef6a6ad13/1_org_zoom.jpg,7,Dominant Kadın Çamaşır Pamuklu Renkli BRAZİLİAN Külot 7'li Paket (S-M-L),,,,,,,,,,,,,
dominant-kad-n-camas-r-pamuklu-renkli-brazilian-kulot-7-li-paket-s-m-l,,,,,,,,,,,,,,,,,,,,,,,,,,,,,,,,https://cdn.dsmcdn.com/mnresize/128/192/ty1909/prod/QC_PREP/20260601/23/51c3e9ea-c267-3906-b1ac-1bd8fea1f920/1_org_zoom.jpg,8,Dominant Kadın Çamaşır Pamuklu Renkli BRAZİLİAN Külot 7'li Paket (S-M-L),,,,,,,,,,,,,
dominant-kad-n-camas-r-pamuklu-renkli-yan-ipli-tanga-7-li-paket-s-m-l,Dominant Kadın Çamaşır Pamuklu Renkli Yanı İpli TANGA 7'li Paket (S-M-L),"<p><a href=""https://www.trendyol.com/dominant/kadin-camasir-pamuklu-renkli-yani-ipli-tanga-7-li-paket-s-m-l-p-855991083?boutiqueId=61&merchantId=4341&filterOverPriceListings=false&sav=true"" rel=""nofollow"">Trendyol kaynak</a></p>
<p>Kaynak ID: 855991083</p>",Dominant,Apparel & Accessories > Clothing > Underwear & Socks > Underwear,Kadın Tanga,"trendyol-import, Kadın, Külot, Tanga, dominant",true,Beden,S,,,,,,,,855991083-2,0.0,shopify,100,deny,manual,275.00,,true,true,,,,,,https://cdn.dsmcdn.com/mnresize/620/920/ty1920/prod/QC_ENRICHMENT/20260617/15/246aecee-4891-39c4-b2a1-13797648f513/1_org_zoom.jpg,1,Dominant Kadın Çamaşır Pamuklu Renkli Yanı İpli TANGA 7'li Paket (S-M-L),false,Dominant Kadın Çamaşır Pamuklu Renkli Yanı İpli TANGA 7'li Paket (S-M-L),,,,,kg,,,,,,active
dominant-kad-n-camas-r-pamuklu-renkli-yan-ipli-tanga-7-li-paket-s-m-l,,,,,,,,Beden,L,,,,,,,,855991083-3,0.0,shopify,100,deny,manual,275.00,,true,true,,,,,,,,,false,,,,,,kg,,,,,,
dominant-kad-n-camas-r-pamuklu-renkli-yan-ipli-tanga-7-li-paket-s-m-l,,,,,,,,Beden,M,,,,,,,,855991083-4,0.0,shopify,100,deny,manual,275.00,,true,true,,,,,,,,,false,,,,,,kg,,,,,,
dominant-kad-n-camas-r-pamuklu-renkli-yan-ipli-tanga-7-li-paket-s-m-l,,,,,,,,,,,,,,,,,,,,,,,,,,,,,,,,https://cdn.dsmcdn.com/mnresize/620/920/ty1894/prod/QC_ENRICHMENT/20260617/15/bc61f6c0-ea76-35ff-8f71-11b032dfa4be/1_org_zoom.jpg,2,Dominant Kadın Çamaşır Pamuklu Renkli Yanı İpli TANGA 7'li Paket (S-M-L),,,,,,,,,,,,,
dominant-kad-n-camas-r-pamuklu-renkli-yan-ipli-tanga-7-li-paket-s-m-l,,,,,,,,,,,,,,,,,,,,,,,,,,,,,,,,https://cdn.dsmcdn.com/mnresize/620/920/ty1924/prod/QC_ENRICHMENT/20260617/15/14d0f70e-66eb-32d7-87bd-1a674cc8d9c5/1_org_zoom.jpg,3,Dominant Kadın Çamaşır Pamuklu Renkli Yanı İpli TANGA 7'li Paket (S-M-L),,,,,,,,,,,,,
dominant-kad-n-camas-r-pamuklu-renkli-yan-ipli-tanga-7-li-paket-s-m-l,,,,,,,,,,,,,,,,,,,,,,,,,,,,,,,,https://cdn.dsmcdn.com/mnresize/620/920/ty1911/prod/QC_ENRICHMENT/20260617/15/760aa3cc-ea8c-3746-bd78-aebbe6e79cda/1_org_zoom.jpg,4,Dominant Kadın Çamaşır Pamuklu Renkli Yanı İpli TANGA 7'li Paket (S-M-L),,,,,,,,,,,,,
dominant-kad-n-camas-r-pamuklu-renkli-yan-ipli-tanga-7-li-paket-s-m-l,,,,,,,,,,,,,,,,,,,,,,,,,,,,,,,,https://cdn.dsmcdn.com/mnresize/620/920/ty1912/prod/QC_ENRICHMENT/20260617/15/b55ccedb-88c9-3194-ad25-f22b12dc687c/1_org_zoom.jpg,5,Dominant Kadın Çamaşır Pamuklu Renkli Yanı İpli TANGA 7'li Paket (S-M-L),,,,,,,,,,,,,
dominant-kad-n-camas-r-pamuklu-renkli-yan-ipli-tanga-7-li-paket-s-m-l,,,,,,,,,,,,,,,,,,,,,,,,,,,,,,,,https://cdn.dsmcdn.com/mnresize/620/920/ty1933/prod/QC_ENRICHMENT/20260617/15/6115d1fd-78ae-355f-bdbf-cce35a8f899f/1_org_zoom.jpg,6,Dominant Kadın Çamaşır Pamuklu Renkli Yanı İpli TANGA 7'li Paket (S-M-L),,,,,,,,,,,,,
dominant-kad-n-camas-r-pamuklu-renkli-yan-ipli-tanga-7-li-paket-s-m-l,,,,,,,,,,,,,,,,,,,,,,,,,,,,,,,,https://cdn.dsmcdn.com/mnresize/620/920/ty1923/prod/QC_ENRICHMENT/20260617/15/c8ffa611-ae59-3455-8315-dc6abf9a0d90/1_org_zoom.jpg,7,Dominant Kadın Çamaşır Pamuklu Renkli Yanı İpli TANGA 7'li Paket (S-M-L),,,,,,,,,,,,,
dominant-kad-n-camas-r-pamuklu-renkli-yan-ipli-tanga-7-li-paket-s-m-l,,,,,,,,,,,,,,,,,,,,,,,,,,,,,,,,https://cdn.dsmcdn.com/mnresize/620/920/ty1923/prod/QC_ENRICHMENT/20260617/15/964f55bd-a0ae-3907-889a-2f19c71e9404/1_org_zoom.jpg,8,Dominant Kadın Çamaşır Pamuklu Renkli Yanı İpli TANGA 7'li Paket (S-M-L),,,,,,,,,,,,,
dominant-kad-n-camas-r-pamuklu-renkli-yan-ipli-tanga-7-li-paket-s-m-l,,,,,,,,,,,,,,,,,,,,,,,,,,,,,,,,https://cdn.dsmcdn.com/mnresize/128/192/ty1920/prod/QC_ENRICHMENT/20260617/15/246aecee-4891-39c4-b2a1-13797648f513/1_org_zoom.jpg,9,Dominant Kadın Çamaşır Pamuklu Renkli Yanı İpli TANGA 7'li Paket (S-M-L),,,,,,,,,,,,,
dominant-kad-n-camas-r-pamuklu-renkli-yan-ipli-tanga-7-li-paket-s-m-l,,,,,,,,,,,,,,,,,,,,,,,,,,,,,,,,https://cdn.dsmcdn.com/mnresize/128/192/ty1926/prod/QC_ENRICHMENT/20260617/15/5df8c5c4-4560-31d2-99f0-cb8e491b6101/1_org_zoom.jpg,10,Dominant Kadın Çamaşır Pamuklu Renkli Yanı İpli TANGA 7'li Paket (S-M-L),,,,,,,,,,,,,
dominant-kad-n-camas-r-pamuklu-renkli-tanga-7-li-paket-s-m-l,Dominant Kadın Çamaşır Pamuklu Renkli TANGA 7'li Paket (S-M-L),"<p><a href=""https://www.trendyol.com/dominant/kadin-camasir-pamuklu-renkli-tanga-7-li-paket-s-m-l-p-759359671?boutiqueId=61&merchantId=4341&filterOverPriceListings=false&sav=true"" rel=""nofollow"">Trendyol kaynak</a></p>
<p>Kaynak ID: 759359671</p>",Dominant,Apparel & Accessories > Clothing > Underwear & Socks > Underwear,Kadın Tanga,"trendyol-import, Kadın, Külot, Tanga, dominant",true,Beden,M,,,,,,,,759359671-2,0.0,shopify,100,deny,manual,437.00,,true,true,,,,,,https://cdn.dsmcdn.com/mnresize/620/920/ty1907/prod/QC_ENRICHMENT/20260617/13/0f1fd24a-c224-35b7-a8d6-08b254672c8b/1_org_zoom.jpg,1,Dominant Kadın Çamaşır Pamuklu Renkli TANGA 7'li Paket (S-M-L),false,Dominant Kadın Çamaşır Pamuklu Renkli TANGA 7'li Paket (S-M-L),,,,,kg,,,,,,active
dominant-kad-n-camas-r-pamuklu-renkli-tanga-7-li-paket-s-m-l,,,,,,,,Beden,S,,,,,,,,759359671-3,0.0,shopify,100,deny,manual,437.00,,true,true,,,,,,,,,false,,,,,,kg,,,,,,
dominant-kad-n-camas-r-pamuklu-renkli-tanga-7-li-paket-s-m-l,,,,,,,,Beden,L,,,,,,,,759359671-4,0.0,shopify,100,deny,manual,437.00,,true,true,,,,,,,,,false,,,,,,kg,,,,,,
dominant-kad-n-camas-r-pamuklu-renkli-tanga-7-li-paket-s-m-l,,,,,,,,,,,,,,,,,,,,,,,,,,,,,,,,https://cdn.dsmcdn.com/mnresize/620/920/ty1895/prod/QC_ENRICHMENT/20260617/13/bc1df936-ad0d-356c-ace3-474b39d6e068/1_org_zoom.jpg,2,Dominant Kadın Çamaşır Pamuklu Renkli TANGA 7'li Paket (S-M-L),,,,,,,,,,,,,
dominant-kad-n-camas-r-pamuklu-renkli-tanga-7-li-paket-s-m-l,,,,,,,,,,,,,,,,,,,,,,,,,,,,,,,,https://cdn.dsmcdn.com/mnresize/620/920/ty1932/prod/QC_ENRICHMENT/20260617/13/9454f544-bb3c-3dd8-816e-91d7521756ab/1_org_zoom.jpg,3,Dominant Kadın Çamaşır Pamuklu Renkli TANGA 7'li Paket (S-M-L),,,,,,,,,,,,,
dominant-kad-n-camas-r-pamuklu-renkli-tanga-7-li-paket-s-m-l,,,,,,,,,,,,,,,,,,,,,,,,,,,,,,,,https://cdn.dsmcdn.com/mnresize/620/920/ty1897/prod/QC_ENRICHMENT/20260617/13/e8904a91-bda1-3dea-a14e-b28e5fe6afe2/1_org_zoom.jpg,4,Dominant Kadın Çamaşır Pamuklu Renkli TANGA 7'li Paket (S-M-L),,,,,,,,,,,,,
dominant-kad-n-camas-r-pamuklu-renkli-tanga-7-li-paket-s-m-l,,,,,,,,,,,,,,,,,,,,,,,,,,,,,,,,https://cdn.dsmcdn.com/mnresize/620/920/ty1932/prod/QC_ENRICHMENT/20260617/13/510a33cd-caa8-3e9d-9a6f-2777b67c1ea0/1_org_zoom.jpg,5,Dominant Kadın Çamaşır Pamuklu Renkli TANGA 7'li Paket (S-M-L),,,,,,,,,,,,,
dominant-kad-n-camas-r-pamuklu-renkli-tanga-7-li-paket-s-m-l,,,,,,,,,,,,,,,,,,,,,,,,,,,,,,,,https://cdn.dsmcdn.com/mnresize/620/920/ty1937/prod/QC_ENRICHMENT/20260617/13/55d42b14-60bc-3500-ade0-cb23d404d5cd/1_org_zoom.jpg,6,Dominant Kadın Çamaşır Pamuklu Renkli TANGA 7'li Paket (S-M-L),,,,,,,,,,,,,
dominant-kad-n-camas-r-pamuklu-renkli-tanga-7-li-paket-s-m-l,,,,,,,,,,,,,,,,,,,,,,,,,,,,,,,,https://cdn.dsmcdn.com/mnresize/620/920/ty1907/prod/QC_ENRICHMENT/20260617/13/a30bb9ef-6884-332a-b918-d8cd463d89c5/1_org_zoom.jpg,7,Dominant Kadın Çamaşır Pamuklu Renkli TANGA 7'li Paket (S-M-L),,,,,,,,,,,,,
dominant-kad-n-camas-r-pamuklu-renkli-tanga-7-li-paket-s-m-l,,,,,,,,,,,,,,,,,,,,,,,,,,,,,,,,https://cdn.dsmcdn.com/mnresize/620/920/ty1918/prod/QC_ENRICHMENT/20260617/13/bb192b95-7410-35de-9ce1-e4306fd54ff0/1_org_zoom.jpg,8,Dominant Kadın Çamaşır Pamuklu Renkli TANGA 7'li Paket (S-M-L),,,,,,,,,,,,,
dominant-kad-n-camas-r-pamuklu-renkli-tanga-7-li-paket-s-m-l,,,,,,,,,,,,,,,,,,,,,,,,,,,,,,,,https://cdn.dsmcdn.com/mnresize/128/192/ty1922/prod/QC_ENRICHMENT/20260617/13/abfb678c-21af-31f2-95ac-727472733519/1_org_zoom.jpg,9,Dominant Kadın Çamaşır Pamuklu Renkli TANGA 7'li Paket (S-M-L),,,,,,,,,,,,,
dominant-kad-n-camas-r-pamuklu-renkli-tanga-7-li-paket-s-m-l,,,,,,,,,,,,,,,,,,,,,,,,,,,,,,,,https://cdn.dsmcdn.com/mnresize/128/192/ty1939/prod/QC_ENRICHMENT/20260617/13/b9634ae5-aac1-3ce1-a9b7-b0f9bf5032c1/1_org_zoom.jpg,10,Dominant Kadın Çamaşır Pamuklu Renkli TANGA 7'li Paket (S-M-L),,,,,,,,,,,,,
dominant-kad-n-camas-r-pamuklu-renkli-firfirli-bikini-kulot-5-li-paket-s-m-l,Dominant Kadın Çamaşır Pamuklu Renkli FIRFIRLI BİKİNİ Külot 5'li Paket (S-M-L),"<p><a href=""https://www.trendyol.com/dominant/kadin-camasir-pamuklu-renkli-firfirli-bikini-kulot-5-li-paket-s-m-l-p-810961130?boutiqueId=61&merchantId=4341&filterOverPriceListings=false&sav=true"" rel=""nofollow"">Trendyol kaynak</a></p>
<p>Kaynak ID: 810961130</p>",Dominant,Apparel & Accessories > Clothing > Underwear & Socks > Underwear,Kadın Bikini Külot,"trendyol-import, Kadın, Külot, Bikini, dominant",true,Beden,S,,,,,,,,810961130-2,0.0,shopify,100,deny,manual,355.00,,true,true,,,,,,https://cdn.dsmcdn.com/mnresize/620/920/ty1907/prod/QC_ENRICHMENT/20260617/15/81df9323-7874-3a57-b875-b216b6371cb0/1_org_zoom.jpg,1,Dominant Kadın Çamaşır Pamuklu Renkli FIRFIRLI BİKİNİ Külot 5'li Paket (S-M-L),false,Dominant Kadın Çamaşır Pamuklu Renkli FIRFIRLI BİKİNİ Külot 5'li Paket (S-M-L),,,,,kg,,,,,,active
dominant-kad-n-camas-r-pamuklu-renkli-firfirli-bikini-kulot-5-li-paket-s-m-l,,,,,,,,Beden,M,,,,,,,,810961130-3,0.0,shopify,100,deny,manual,355.00,,true,true,,,,,,,,,false,,,,,,kg,,,,,,
dominant-kad-n-camas-r-pamuklu-renkli-firfirli-bikini-kulot-5-li-paket-s-m-l,,,,,,,,Beden,L,,,,,,,,810961130-4,0.0,shopify,100,deny,manual,355.00,,true,true,,,,,,,,,false,,,,,,kg,,,,,,
dominant-kad-n-camas-r-pamuklu-renkli-firfirli-bikini-kulot-5-li-paket-s-m-l,,,,,,,,,,,,,,,,,,,,,,,,,,,,,,,,https://cdn.dsmcdn.com/mnresize/620/920/ty1902/prod/QC_ENRICHMENT/20260617/15/498129d9-ceab-3580-81ae-4b5d35cf0915/1_org_zoom.jpg,2,Dominant Kadın Çamaşır Pamuklu Renkli FIRFIRLI BİKİNİ Külot 5'li Paket (S-M-L),,,,,,,,,,,,,
dominant-kad-n-camas-r-pamuklu-renkli-firfirli-bikini-kulot-5-li-paket-s-m-l,,,,,,,,,,,,,,,,,,,,,,,,,,,,,,,,https://cdn.dsmcdn.com/mnresize/620/920/ty1913/prod/QC_ENRICHMENT/20260617/15/fc050070-0eb9-3ca9-b484-b792dbe5036d/1_org_zoom.jpg,3,Dominant Kadın Çamaşır Pamuklu Renkli FIRFIRLI BİKİNİ Külot 5'li Paket (S-M-L),,,,,,,,,,,,,
dominant-kad-n-camas-r-pamuklu-renkli-firfirli-bikini-kulot-5-li-paket-s-m-l,,,,,,,,,,,,,,,,,,,,,,,,,,,,,,,,https://cdn.dsmcdn.com/mnresize/620/920/ty1918/prod/QC_ENRICHMENT/20260617/15/74ffec88-bc0b-314c-aed1-431917209fe4/1_org_zoom.jpg,4,Dominant Kadın Çamaşır Pamuklu Renkli FIRFIRLI BİKİNİ Külot 5'li Paket (S-M-L),,,,,,,,,,,,,
dominant-kad-n-camas-r-pamuklu-renkli-firfirli-bikini-kulot-5-li-paket-s-m-l,,,,,,,,,,,,,,,,,,,,,,,,,,,,,,,,https://cdn.dsmcdn.com/mnresize/620/920/ty1896/prod/QC_ENRICHMENT/20260617/15/d775423d-9e10-3c28-84a5-4220d714c360/1_org_zoom.jpg,5,Dominant Kadın Çamaşır Pamuklu Renkli FIRFIRLI BİKİNİ Külot 5'li Paket (S-M-L),,,,,,,,,,,,,
dominant-kad-n-camas-r-pamuklu-renkli-firfirli-bikini-kulot-5-li-paket-s-m-l,,,,,,,,,,,,,,,,,,,,,,,,,,,,,,,,https://cdn.dsmcdn.com/mnresize/620/920/ty1912/prod/QC_ENRICHMENT/20260617/15/6960cc42-4feb-3b39-81ce-13e4c1c71af3/1_org_zoom.jpg,6,Dominant Kadın Çamaşır Pamuklu Renkli FIRFIRLI BİKİNİ Külot 5'li Paket (S-M-L),,,,,,,,,,,,,
dominant-kad-n-camas-r-pamuklu-renkli-firfirli-bikini-kulot-5-li-paket-s-m-l,,,,,,,,,,,,,,,,,,,,,,,,,,,,,,,,https://cdn.dsmcdn.com/mnresize/128/192/ty1941/prod/QC_ENRICHMENT/20260617/15/542cda55-dfba-37d3-a5f0-d2b1f28b9351/1_org_zoom.jpg,7,Dominant Kadın Çamaşır Pamuklu Renkli FIRFIRLI BİKİNİ Külot 5'li Paket (S-M-L),,,,,,,,,,,,,
dominant-kad-n-camas-r-pamuklu-renkli-firfirli-bikini-kulot-5-li-paket-s-m-l,,,,,,,,,,,,,,,,,,,,,,,,,,,,,,,,https://cdn.dsmcdn.com/mnresize/128/192/ty1893/prod/QC_ENRICHMENT/20260617/15/41165b2d-d68c-32cb-bc63-12611792b435/1_org_zoom.jpg,8,Dominant Kadın Çamaşır Pamuklu Renkli FIRFIRLI BİKİNİ Külot 5'li Paket (S-M-L),,,,,,,,,,,,,
dominant-kad-n-camas-r-pamuklu-renkli-firfirli-bikini-kulot-5-li-paket-s-m-l,,,,,,,,,,,,,,,,,,,,,,,,,,,,,,,,https://cdn.dsmcdn.com/mnresize/128/192/ty1907/prod/QC_ENRICHMENT/20260617/15/81df9323-7874-3a57-b875-b216b6371cb0/1_org_zoom.jpg,9,Dominant Kadın Çamaşır Pamuklu Renkli FIRFIRLI BİKİNİ Külot 5'li Paket (S-M-L),,,,,,,,,,,,,
dominant-kad-n-camas-r-pamuklu-renkli-firfirli-bikini-kulot-5-li-paket-s-m-l,,,,,,,,,,,,,,,,,,,,,,,,,,,,,,,,https://cdn.dsmcdn.com/mnresize/128/192/ty1908/prod/QC_ENRICHMENT/20260617/15/81880376-c811-317b-900f-4ff6cbd63035/1_org_zoom.jpg,10,Dominant Kadın Çamaşır Pamuklu Renkli FIRFIRLI BİKİNİ Külot 5'li Paket (S-M-L),,,,,,,,,,,,,
dominant-kad-n-somon-ekru-pamuklu-likral-kulot-7-li-paket,Dominant Kadın Somon Ekru Pamuklu Likralı Külot 7'li Paket,"<p><a href=""https://www.trendyol.com/dominant/kadin-somon-ekru-pamuklu-likrali-kulot-7-li-paket-p-346992513?boutiqueId=61&merchantId=4341&filterOverPriceListings=false&sav=true"" rel=""nofollow"">Trendyol kaynak</a></p>
<p>Kaynak ID: 346992513</p>",Dominant,Apparel & Accessories > Clothing > Underwear & Socks > Underwear,Kadın Külot,"trendyol-import, Kadın, Külot, dominant",true,Beden,L,,,,,,,,346992513-2,0.0,shopify,100,deny,manual,42.00,,true,true,,,,,,https://cdn.dsmcdn.com/mnresize/620/920/ty1920/prod/QC_ENRICHMENT/20260618/11/70be4635-231c-3dee-a382-89e13c9c9765/1_org_zoom.jpg,1,Dominant Kadın Somon Ekru Pamuklu Likralı Külot 7'li Paket,false,Dominant Kadın Somon Ekru Pamuklu Likralı Külot 7'li Paket,,,,,kg,,,,,,active
dominant-kad-n-somon-ekru-pamuklu-likral-kulot-7-li-paket,,,,,,,,Beden,S,,,,,,,,346992513-3,0.0,shopify,100,deny,manual,42.00,,true,true,,,,,,,,,false,,,,,,kg,,,,,,
dominant-kad-n-somon-ekru-pamuklu-likral-kulot-7-li-paket,,,,,,,,Beden,M,,,,,,,,346992513-4,0.0,shopify,100,deny,manual,42.00,,true,true,,,,,,,,,false,,,,,,kg,,,,,,
dominant-kad-n-somon-ekru-pamuklu-likral-kulot-7-li-paket,,,,,,,,Beden,XL,,,,,,,,346992513-5,0.0,shopify,100,deny,manual,42.00,,true,true,,,,,,,,,false,,,,,,kg,,,,,,
dominant-kad-n-somon-ekru-pamuklu-likral-kulot-7-li-paket,,,,,,,,,,,,,,,,,,,,,,,,,,,,,,,,https://cdn.dsmcdn.com/mnresize/620/920/ty1935/prod/QC_ENRICHMENT/20260618/11/45357a84-67dc-3609-8d4d-0d80ec946b78/1_org_zoom.jpg,2,Dominant Kadın Somon Ekru Pamuklu Likralı Külot 7'li Paket,,,,,,,,,,,,,
dominant-kad-n-somon-ekru-pamuklu-likral-kulot-7-li-paket,,,,,,,,,,,,,,,,,,,,,,,,,,,,,,,,https://cdn.dsmcdn.com/mnresize/620/920/ty1916/prod/QC_ENRICHMENT/20260618/11/7cc508ac-0f00-3d82-8e98-c33c967ea393/1_org_zoom.jpg,3,Dominant Kadın Somon Ekru Pamuklu Likralı Külot 7'li Paket,,,,,,,,,,,,,
dominant-kad-n-somon-ekru-pamuklu-likral-kulot-7-li-paket,,,,,,,,,,,,,,,,,,,,,,,,,,,,,,,,https://cdn.dsmcdn.com/mnresize/620/920/ty1935/prod/QC_ENRICHMENT/20260618/11/ce7dc7c7-9d9b-3e48-83d1-9b9852bf2100/1_org_zoom.jpg,4,Dominant Kadın Somon Ekru Pamuklu Likralı Külot 7'li Paket,,,,,,,,,,,,,
dominant-kad-n-somon-ekru-pamuklu-likral-kulot-7-li-paket,,,,,,,,,,,,,,,,,,,,,,,,,,,,,,,,https://cdn.dsmcdn.com/mnresize/620/920/ty1915/prod/QC_ENRICHMENT/20260618/11/371d0843-20bb-355f-b368-824b040532a9/1_org_zoom.jpg,5,Dominant Kadın Somon Ekru Pamuklu Likralı Külot 7'li Paket,,,,,,,,,,,,,
dominant-kad-n-somon-ekru-pamuklu-likral-kulot-7-li-paket,,,,,,,,,,,,,,,,,,,,,,,,,,,,,,,,https://cdn.dsmcdn.com/mnresize/620/920/ty1905/prod/QC_ENRICHMENT/20260618/11/982c4ad9-0eb3-3298-a0bf-96f1728cb787/1_org_zoom.jpg,6,Dominant Kadın Somon Ekru Pamuklu Likralı Külot 7'li Paket,,,,,,,,,,,,,
dominant-kad-n-somon-ekru-pamuklu-likral-kulot-7-li-paket,,,,,,,,,,,,,,,,,,,,,,,,,,,,,,,,https://cdn.dsmcdn.com/mnresize/620/920/ty1907/prod/QC_ENRICHMENT/20260618/11/8d865eda-234c-330d-9ec0-e7e57ebf4458/1_org_zoom.jpg,7,Dominant Kadın Somon Ekru Pamuklu Likralı Külot 7'li Paket,,,,,,,,,,,,,
dominant-kad-n-somon-ekru-pamuklu-likral-kulot-7-li-paket,,,,,,,,,,,,,,,,,,,,,,,,,,,,,,,,https://cdn.dsmcdn.com/mnresize/620/920/ty1920/prod/QC_ENRICHMENT/20260618/11/b9e292b7-c6f0-3146-8c91-0ad0a4cd50c7/1_org_zoom.jpg,8,Dominant Kadın Somon Ekru Pamuklu Likralı Külot 7'li Paket,,,,,,,,,,,,,
dominant-kad-n-somon-ekru-pamuklu-likral-kulot-7-li-paket,,,,,,,,,,,,,,,,,,,,,,,,,,,,,,,,https://cdn.dsmcdn.com/mnresize/128/192/ty1931/prod/QC_ENRICHMENT/20260618/11/61199ec7-77b5-392a-bbdb-15242f0db144/1_org_zoom.jpg,9,Dominant Kadın Somon Ekru Pamuklu Likralı Külot 7'li Paket,,,,,,,,,,,,,
dominant-kad-n-somon-ekru-pamuklu-likral-kulot-7-li-paket,,,,,,,,,,,,,,,,,,,,,,,,,,,,,,,,https://cdn.dsmcdn.com/mnresize/128/192/ty1915/prod/QC_ENRICHMENT/20260618/11/b8d99d79-13c9-3bdc-bcfb-556ee7154aba/1_org_zoom.jpg,10,Dominant Kadın Somon Ekru Pamuklu Likralı Külot 7'li Paket,,,,,,,,,,,,,
dominant-kad-n-camas-r-pamuklu-renkli-bikini-kulot-7-li-paket,Dominant Kadın Çamaşır Pamuklu Renkli BİKİNİ Külot 7'li Paket,"<p><a href=""https://www.trendyol.com/dominant/kadin-camasir-pamuklu-renkli-bikini-kulot-7-li-paket-p-851790686?boutiqueId=61&merchantId=4341&filterOverPriceListings=false&sav=true"" rel=""nofollow"">Trendyol kaynak</a></p>
<p>Kaynak ID: 851790686</p>",Dominant,Apparel & Accessories > Clothing > Underwear & Socks > Underwear,Kadın Bikini Külot,"trendyol-import, Kadın, Külot, Bikini, dominant",true,Beden,S,,,,,,,,851790686-2,0.0,shopify,100,deny,manual,42.00,,true,true,,,,,,https://cdn.dsmcdn.com/mnresize/620/920/ty1929/prod/QC_ENRICHMENT/20260618/11/d68b8b30-5973-3de1-8694-d60ef6a6ad13/1_org_zoom.jpg,1,Dominant Kadın Çamaşır Pamuklu Renkli BİKİNİ Külot 7'li Paket,false,Dominant Kadın Çamaşır Pamuklu Renkli BİKİNİ Külot 7'li Paket,,,,,kg,,,,,,active
dominant-kad-n-camas-r-pamuklu-renkli-bikini-kulot-7-li-paket,,,,,,,,Beden,M,,,,,,,,851790686-3,0.0,shopify,100,deny,manual,42.00,,true,true,,,,,,,,,false,,,,,,kg,,,,,,
dominant-kad-n-camas-r-pamuklu-renkli-bikini-kulot-7-li-paket,,,,,,,,Beden,L,,,,,,,,851790686-4,0.0,shopify,100,deny,manual,42.00,,true,true,,,,,,,,,false,,,,,,kg,,,,,,
dominant-kad-n-camas-r-pamuklu-renkli-bikini-kulot-7-li-paket,,,,,,,,Beden,XL,,,,,,,,851790686-5,0.0,shopify,100,deny,manual,42.00,,true,true,,,,,,,,,false,,,,,,kg,,,,,,
dominant-kad-n-camas-r-pamuklu-renkli-bikini-kulot-7-li-paket,,,,,,,,,,,,,,,,,,,,,,,,,,,,,,,,https://cdn.dsmcdn.com/mnresize/620/920/ty1915/prod/QC_ENRICHMENT/20260618/11/c14d730a-b147-3221-86dd-1e56de678cee/1_org_zoom.jpg,2,Dominant Kadın Çamaşır Pamuklu Renkli BİKİNİ Külot 7'li Paket,,,,,,,,,,,,,
dominant-kad-n-camas-r-pamuklu-renkli-bikini-kulot-7-li-paket,,,,,,,,,,,,,,,,,,,,,,,,,,,,,,,,https://cdn.dsmcdn.com/mnresize/620/920/ty1919/prod/QC_ENRICHMENT/20260618/11/980bc463-2213-3cd4-a072-efbd4f6af263/1_org_zoom.jpg,3,Dominant Kadın Çamaşır Pamuklu Renkli BİKİNİ Külot 7'li Paket,,,,,,,,,,,,,
dominant-kad-n-camas-r-pamuklu-renkli-bikini-kulot-7-li-paket,,,,,,,,,,,,,,,,,,,,,,,,,,,,,,,,https://cdn.dsmcdn.com/mnresize/128/192/ty1914/prod/QC_ENRICHMENT/20260617/14/455c943a-6ea2-3d5a-b7ed-fc198f213d07/1_org_zoom.jpg,4,Dominant Kadın Çamaşır Pamuklu Renkli BİKİNİ Külot 7'li Paket,,,,,,,,,,,,,
dominant-kad-n-camas-r-pamuklu-renkli-bikini-kulot-7-li-paket,,,,,,,,,,,,,,,,,,,,,,,,,,,,,,,,https://cdn.dsmcdn.com/mnresize/128/192/ty1892/prod/QC_ENRICHMENT/20260617/14/fdd4bf55-2b60-3684-b753-02aeee010475/1_org_zoom.jpg,5,Dominant Kadın Çamaşır Pamuklu Renkli BİKİNİ Külot 7'li Paket,,,,,,,,,,,,,
dominant-kad-n-camas-r-pamuklu-renkli-bikini-kulot-7-li-paket,,,,,,,,,,,,,,,,,,,,,,,,,,,,,,,,https://cdn.dsmcdn.com/mnresize/128/192/ty1920/prod/QC_ENRICHMENT/20260617/14/60c1eae9-3d60-3a89-9575-4743e9720d0b/1_org_zoom.jpg,6,Dominant Kadın Çamaşır Pamuklu Renkli BİKİNİ Külot 7'li Paket,,,,,,,,,,,,,
dominant-kad-n-camas-r-pamuklu-renkli-bikini-kulot-7-li-paket,,,,,,,,,,,,,,,,,,,,,,,,,,,,,,,,https://cdn.dsmcdn.com/mnresize/128/192/ty1929/prod/QC_ENRICHMENT/20260618/11/d68b8b30-5973-3de1-8694-d60ef6a6ad13/1_org_zoom.jpg,7,Dominant Kadın Çamaşır Pamuklu Renkli BİKİNİ Külot 7'li Paket,,,,,,,,,,,,,
dominant-kad-n-camas-r-pamuklu-renkli-bikini-kulot-7-li-paket,,,,,,,,,,,,,,,,,,,,,,,,,,,,,,,,https://cdn.dsmcdn.com/mnresize/128/192/ty1909/prod/QC_PREP/20260601/23/51c3e9ea-c267-3906-b1ac-1bd8fea1f920/1_org_zoom.jpg,8,Dominant Kadın Çamaşır Pamuklu Renkli BİKİNİ Külot 7'li Paket,,,,,,,,,,,,,
dominant-kad-n-camas-r-pamuklu-renkli-bikini-kulot-7-li-paket,Dominant Kadın Çamaşır Pamuklu Renkli BİKİNİ Külot 7'li Paket,"<p><a href=""https://www.trendyol.com/dominant/kadin-camasir-pamuklu-renkli-bikini-kulot-7-li-paket-p-1092834196?boutiqueId=61&merchantId=4341&filterOverPriceListings=false&sav=true"" rel=""nofollow"">Trendyol kaynak</a></p>
<p>Kaynak ID: 1092834196</p>",Dominant,Apparel & Accessories > Clothing > Underwear & Socks > Underwear,Kadın Bikini Külot,"trendyol-import, Kadın, Külot, Bikini, dominant",true,Beden,S,,,,,,,,1092834196-2,0.0,shopify,100,deny,manual,355.00,,true,true,,,,,,https://cdn.dsmcdn.com/mnresize/620/920/ty1815/prod/QC_PREP/20260127/17/37a4a266-e000-3c23-bb30-86cacdeb04a6/1_org_zoom.jpg,1,Dominant Kadın Çamaşır Pamuklu Renkli BİKİNİ Külot 7'li Paket,false,Dominant Kadın Çamaşır Pamuklu Renkli BİKİNİ Külot 7'li Paket,,,,,kg,,,,,,active
dominant-kad-n-camas-r-pamuklu-renkli-bikini-kulot-7-li-paket,,,,,,,,Beden,M,,,,,,,,1092834196-3,0.0,shopify,100,deny,manual,355.00,,true,true,,,,,,,,,false,,,,,,kg,,,,,,
dominant-kad-n-camas-r-pamuklu-renkli-bikini-kulot-7-li-paket,,,,,,,,Beden,L,,,,,,,,1092834196-4,0.0,shopify,100,deny,manual,355.00,,true,true,,,,,,,,,false,,,,,,kg,,,,,,
dominant-kad-n-camas-r-pamuklu-renkli-bikini-kulot-7-li-paket,,,,,,,,Beden,XL,,,,,,,,1092834196-5,0.0,shopify,100,deny,manual,355.00,,true,true,,,,,,,,,false,,,,,,kg,,,,,,
dominant-kad-n-camas-r-pamuklu-renkli-bikini-kulot-7-li-paket,,,,,,,,,,,,,,,,,,,,,,,,,,,,,,,,https://cdn.dsmcdn.com/mnresize/128/192/ty1905/prod/QC_ENRICHMENT/20260618/11/34015cd4-5c2c-35cf-b5ad-67347622ec52/1_org_zoom.jpg,2,Dominant Kadın Çamaşır Pamuklu Renkli BİKİNİ Külot 7'li Paket,,,,,,,,,,,,,
dominant-kad-n-camas-r-pamuklu-renkli-bikini-kulot-7-li-paket,,,,,,,,,,,,,,,,,,,,,,,,,,,,,,,,https://cdn.dsmcdn.com/mnresize/128/192/ty1815/prod/QC_PREP/20260127/17/37a4a266-e000-3c23-bb30-86cacdeb04a6/1_org_zoom.jpg,3,Dominant Kadın Çamaşır Pamuklu Renkli BİKİNİ Külot 7'li Paket,,,,,,,,,,,,,
dominant-kad-n-camas-r-pamuklu-renkli-firfirli-bikini-kulot-5-li-paket-s-m-l,Dominant Kadın Çamaşır Pamuklu Renkli FIRFIRLI BİKİNİ Külot 5'li Paket (S-M-L),"<p><a href=""https://www.trendyol.com/dominant/kadin-camasir-pamuklu-renkli-firfirli-bikini-kulot-5-li-paket-s-m-l-p-881959957?boutiqueId=61&merchantId=4341&filterOverPriceListings=false&sav=true"" rel=""nofollow"">Trendyol kaynak</a></p>
<p>Kaynak ID: 881959957</p>",Dominant,Apparel & Accessories > Clothing > Underwear & Socks > Underwear,Kadın Bikini Külot,"trendyol-import, Kadın, Külot, Bikini, dominant",true,Beden,S,,,,,,,,881959957-2,0.0,shopify,100,deny,manual,355.00,,true,true,,,,,,https://cdn.dsmcdn.com/mnresize/620/920/ty1908/prod/QC_ENRICHMENT/20260617/15/81880376-c811-317b-900f-4ff6cbd63035/1_org_zoom.jpg,1,Dominant Kadın Çamaşır Pamuklu Renkli FIRFIRLI BİKİNİ Külot 5'li Paket (S-M-L),false,Dominant Kadın Çamaşır Pamuklu Renkli FIRFIRLI BİKİNİ Külot 5'li Paket (S-M-L),,,,,kg,,,,,,active
dominant-kad-n-camas-r-pamuklu-renkli-firfirli-bikini-kulot-5-li-paket-s-m-l,,,,,,,,Beden,M,,,,,,,,881959957-3,0.0,shopify,100,deny,manual,355.00,,true,true,,,,,,,,,false,,,,,,kg,,,,,,
dominant-kad-n-camas-r-pamuklu-renkli-firfirli-bikini-kulot-5-li-paket-s-m-l,,,,,,,,Beden,L,,,,,,,,881959957-4,0.0,shopify,100,deny,manual,355.00,,true,true,,,,,,,,,false,,,,,,kg,,,,,,
dominant-kad-n-camas-r-pamuklu-renkli-firfirli-bikini-kulot-5-li-paket-s-m-l,,,,,,,,,,,,,,,,,,,,,,,,,,,,,,,,https://cdn.dsmcdn.com/mnresize/620/920/ty1929/prod/QC_ENRICHMENT/20260617/15/0723d040-b5cb-3af4-8e96-02b7df3edc32/1_org_zoom.jpg,2,Dominant Kadın Çamaşır Pamuklu Renkli FIRFIRLI BİKİNİ Külot 5'li Paket (S-M-L),,,,,,,,,,,,,
dominant-kad-n-camas-r-pamuklu-renkli-firfirli-bikini-kulot-5-li-paket-s-m-l,,,,,,,,,,,,,,,,,,,,,,,,,,,,,,,,https://cdn.dsmcdn.com/mnresize/620/920/ty1912/prod/QC_ENRICHMENT/20260617/15/74aba1c9-77f6-3e51-b45d-bf4fb59bfe4f/1_org_zoom.jpg,3,Dominant Kadın Çamaşır Pamuklu Renkli FIRFIRLI BİKİNİ Külot 5'li Paket (S-M-L),,,,,,,,,,,,,
dominant-kad-n-camas-r-pamuklu-renkli-firfirli-bikini-kulot-5-li-paket-s-m-l,,,,,,,,,,,,,,,,,,,,,,,,,,,,,,,,https://cdn.dsmcdn.com/mnresize/620/920/ty1898/prod/QC_ENRICHMENT/20260617/15/91172168-ffc5-3ad9-bbdd-a5dfbb1d4bed/1_org_zoom.jpg,4,Dominant Kadın Çamaşır Pamuklu Renkli FIRFIRLI BİKİNİ Külot 5'li Paket (S-M-L),,,,,,,,,,,,,
dominant-kad-n-camas-r-pamuklu-renkli-firfirli-bikini-kulot-5-li-paket-s-m-l,,,,,,,,,,,,,,,,,,,,,,,,,,,,,,,,https://cdn.dsmcdn.com/mnresize/620/920/ty1898/prod/QC_ENRICHMENT/20260617/15/43f79469-db52-350e-857d-98183c412c10/1_org_zoom.jpg,5,Dominant Kadın Çamaşır Pamuklu Renkli FIRFIRLI BİKİNİ Külot 5'li Paket (S-M-L),,,,,,,,,,,,,
dominant-kad-n-camas-r-pamuklu-renkli-firfirli-bikini-kulot-5-li-paket-s-m-l,,,,,,,,,,,,,,,,,,,,,,,,,,,,,,,,https://cdn.dsmcdn.com/mnresize/620/920/ty1907/prod/QC_ENRICHMENT/20260617/15/fdca82b0-da34-3ac2-93fc-6097f3aa786c/1_org_zoom.jpg,6,Dominant Kadın Çamaşır Pamuklu Renkli FIRFIRLI BİKİNİ Külot 5'li Paket (S-M-L),,,,,,,,,,,,,
dominant-kad-n-camas-r-pamuklu-renkli-firfirli-bikini-kulot-5-li-paket-s-m-l,,,,,,,,,,,,,,,,,,,,,,,,,,,,,,,,https://cdn.dsmcdn.com/mnresize/620/920/ty1914/prod/QC_ENRICHMENT/20260617/15/4524b2cd-c418-39e6-b274-a4fe10429214/1_org_zoom.jpg,7,Dominant Kadın Çamaşır Pamuklu Renkli FIRFIRLI BİKİNİ Külot 5'li Paket (S-M-L),,,,,,,,,,,,,
dominant-kad-n-camas-r-pamuklu-renkli-firfirli-bikini-kulot-5-li-paket-s-m-l,,,,,,,,,,,,,,,,,,,,,,,,,,,,,,,,https://cdn.dsmcdn.com/mnresize/128/192/ty1941/prod/QC_ENRICHMENT/20260617/15/542cda55-dfba-37d3-a5f0-d2b1f28b9351/1_org_zoom.jpg,8,Dominant Kadın Çamaşır Pamuklu Renkli FIRFIRLI BİKİNİ Külot 5'li Paket (S-M-L),,,,,,,,,,,,,
dominant-kad-n-camas-r-pamuklu-renkli-firfirli-bikini-kulot-5-li-paket-s-m-l,,,,,,,,,,,,,,,,,,,,,,,,,,,,,,,,https://cdn.dsmcdn.com/mnresize/128/192/ty1893/prod/QC_ENRICHMENT/20260617/15/41165b2d-d68c-32cb-bc63-12611792b435/1_org_zoom.jpg,9,Dominant Kadın Çamaşır Pamuklu Renkli FIRFIRLI BİKİNİ Külot 5'li Paket (S-M-L),,,,,,,,,,,,,
dominant-kad-n-camas-r-pamuklu-renkli-firfirli-bikini-kulot-5-li-paket-s-m-l,,,,,,,,,,,,,,,,,,,,,,,,,,,,,,,,https://cdn.dsmcdn.com/mnresize/128/192/ty1907/prod/QC_ENRICHMENT/20260617/15/81df9323-7874-3a57-b875-b216b6371cb0/1_org_zoom.jpg,10,Dominant Kadın Çamaşır Pamuklu Renkli FIRFIRLI BİKİNİ Külot 5'li Paket (S-M-L),,,,,,,,,,,,,
dominant-kad-n-camas-r-pamuklu-renkli-firfirli-bikini-kulot-5-li-paket-s-m-l,Dominant Kadın Çamaşır Pamuklu Renkli FIRFIRLI BİKİNİ Külot 5'li Paket (S-M-L),"<p><a href=""https://www.trendyol.com/dominant/kadin-camasir-pamuklu-renkli-firfirli-bikini-kulot-5-li-paket-s-m-l-p-881960033?boutiqueId=61&merchantId=4341&filterOverPriceListings=false&sav=true"" rel=""nofollow"">Trendyol kaynak</a></p>
<p>Kaynak ID: 881960033</p>",Dominant,Apparel & Accessories > Clothing > Underwear & Socks > Underwear,Kadın Bikini Külot,"trendyol-import, Kadın, Külot, Bikini, dominant",true,Beden,S,,,,,,,,881960033-2,0.0,shopify,100,deny,manual,355.00,,true,true,,,,,,https://cdn.dsmcdn.com/mnresize/620/920/ty1893/prod/QC_ENRICHMENT/20260617/15/41165b2d-d68c-32cb-bc63-12611792b435/1_org_zoom.jpg,1,Dominant Kadın Çamaşır Pamuklu Renkli FIRFIRLI BİKİNİ Külot 5'li Paket (S-M-L),false,Dominant Kadın Çamaşır Pamuklu Renkli FIRFIRLI BİKİNİ Külot 5'li Paket (S-M-L),,,,,kg,,,,,,active
dominant-kad-n-camas-r-pamuklu-renkli-firfirli-bikini-kulot-5-li-paket-s-m-l,,,,,,,,Beden,M,,,,,,,,881960033-3,0.0,shopify,100,deny,manual,355.00,,true,true,,,,,,,,,false,,,,,,kg,,,,,,
dominant-kad-n-camas-r-pamuklu-renkli-firfirli-bikini-kulot-5-li-paket-s-m-l,,,,,,,,Beden,L,,,,,,,,881960033-4,0.0,shopify,100,deny,manual,355.00,,true,true,,,,,,,,,false,,,,,,kg,,,,,,
dominant-kad-n-camas-r-pamuklu-renkli-firfirli-bikini-kulot-5-li-paket-s-m-l,,,,,,,,,,,,,,,,,,,,,,,,,,,,,,,,https://cdn.dsmcdn.com/mnresize/620/920/ty1934/prod/QC_ENRICHMENT/20260617/15/506bbb7b-aa40-38c6-a1a2-5db333cf7086/1_org_zoom.jpg,2,Dominant Kadın Çamaşır Pamuklu Renkli FIRFIRLI BİKİNİ Külot 5'li Paket (S-M-L),,,,,,,,,,,,,
dominant-kad-n-camas-r-pamuklu-renkli-firfirli-bikini-kulot-5-li-paket-s-m-l,,,,,,,,,,,,,,,,,,,,,,,,,,,,,,,,https://cdn.dsmcdn.com/mnresize/620/920/ty1912/prod/QC_ENRICHMENT/20260617/15/8d896805-43dd-3f48-a269-5d58c6789ce2/1_org_zoom.jpg,3,Dominant Kadın Çamaşır Pamuklu Renkli FIRFIRLI BİKİNİ Külot 5'li Paket (S-M-L),,,,,,,,,,,,,
dominant-kad-n-camas-r-pamuklu-renkli-firfirli-bikini-kulot-5-li-paket-s-m-l,,,,,,,,,,,,,,,,,,,,,,,,,,,,,,,,https://cdn.dsmcdn.com/mnresize/620/920/ty1923/prod/QC_ENRICHMENT/20260617/15/7c738007-3c9c-3b41-a306-9834e77056f3/1_org_zoom.jpg,4,Dominant Kadın Çamaşır Pamuklu Renkli FIRFIRLI BİKİNİ Külot 5'li Paket (S-M-L),,,,,,,,,,,,,
dominant-kad-n-camas-r-pamuklu-renkli-firfirli-bikini-kulot-5-li-paket-s-m-l,,,,,,,,,,,,,,,,,,,,,,,,,,,,,,,,https://cdn.dsmcdn.com/mnresize/620/920/ty1919/prod/QC_ENRICHMENT/20260617/15/4acdccaa-7112-3152-96e9-cd27bfc34d0e/1_org_zoom.jpg,5,Dominant Kadın Çamaşır Pamuklu Renkli FIRFIRLI BİKİNİ Külot 5'li Paket (S-M-L),,,,,,,,,,,,,
dominant-kad-n-camas-r-pamuklu-renkli-firfirli-bikini-kulot-5-li-paket-s-m-l,,,,,,,,,,,,,,,,,,,,,,,,,,,,,,,,https://cdn.dsmcdn.com/mnresize/620/920/ty1931/prod/QC_ENRICHMENT/20260617/15/d092909b-1321-3d6f-b1ae-be549c877a0f/1_org_zoom.jpg,6,Dominant Kadın Çamaşır Pamuklu Renkli FIRFIRLI BİKİNİ Külot 5'li Paket (S-M-L),,,,,,,,,,,,,
dominant-kad-n-camas-r-pamuklu-renkli-firfirli-bikini-kulot-5-li-paket-s-m-l,,,,,,,,,,,,,,,,,,,,,,,,,,,,,,,,https://cdn.dsmcdn.com/mnresize/128/192/ty1941/prod/QC_ENRICHMENT/20260617/15/542cda55-dfba-37d3-a5f0-d2b1f28b9351/1_org_zoom.jpg,7,Dominant Kadın Çamaşır Pamuklu Renkli FIRFIRLI BİKİNİ Külot 5'li Paket (S-M-L),,,,,,,,,,,,,
dominant-kad-n-camas-r-pamuklu-renkli-firfirli-bikini-kulot-5-li-paket-s-m-l,,,,,,,,,,,,,,,,,,,,,,,,,,,,,,,,https://cdn.dsmcdn.com/mnresize/128/192/ty1893/prod/QC_ENRICHMENT/20260617/15/41165b2d-d68c-32cb-bc63-12611792b435/1_org_zoom.jpg,8,Dominant Kadın Çamaşır Pamuklu Renkli FIRFIRLI BİKİNİ Külot 5'li Paket (S-M-L),,,,,,,,,,,,,
dominant-kad-n-camas-r-pamuklu-renkli-firfirli-bikini-kulot-5-li-paket-s-m-l,,,,,,,,,,,,,,,,,,,,,,,,,,,,,,,,https://cdn.dsmcdn.com/mnresize/128/192/ty1907/prod/QC_ENRICHMENT/20260617/15/81df9323-7874-3a57-b875-b216b6371cb0/1_org_zoom.jpg,9,Dominant Kadın Çamaşır Pamuklu Renkli FIRFIRLI BİKİNİ Külot 5'li Paket (S-M-L),,,,,,,,,,,,,
dominant-kad-n-camas-r-pamuklu-renkli-firfirli-bikini-kulot-5-li-paket-s-m-l,,,,,,,,,,,,,,,,,,,,,,,,,,,,,,,,https://cdn.dsmcdn.com/mnresize/128/192/ty1908/prod/QC_ENRICHMENT/20260617/15/81880376-c811-317b-900f-4ff6cbd63035/1_org_zoom.jpg,10,Dominant Kadın Çamaşır Pamuklu Renkli FIRFIRLI BİKİNİ Külot 5'li Paket (S-M-L),,,,,,,,,,,,,
dominant-kad-n-camas-r-pamuklu-renkli-yan-ipli-tanga-7-li-paket-s-m-l,Dominant Kadın Çamaşır Pamuklu Renkli Yanı İpli TANGA 7'li Paket (S-M-L),"<p><a href=""https://www.trendyol.com/dominant/kadin-camasir-pamuklu-renkli-yani-ipli-tanga-7-li-paket-s-m-l-p-854356957?boutiqueId=61&merchantId=4341&filterOverPriceListings=false&sav=true"" rel=""nofollow"">Trendyol kaynak</a></p>
<p>Kaynak ID: 854356957</p>",Dominant,Apparel & Accessories > Clothing > Underwear & Socks > Underwear,Kadın Tanga,"trendyol-import, Kadın, Külot, Tanga, dominant",true,Beden,L,,,,,,,,854356957-2,0.0,shopify,100,deny,manual,339.00,,true,true,,,,,,https://cdn.dsmcdn.com/mnresize/620/920/ty1926/prod/QC_ENRICHMENT/20260617/15/5df8c5c4-4560-31d2-99f0-cb8e491b6101/1_org_zoom.jpg,1,Dominant Kadın Çamaşır Pamuklu Renkli Yanı İpli TANGA 7'li Paket (S-M-L),false,Dominant Kadın Çamaşır Pamuklu Renkli Yanı İpli TANGA 7'li Paket (S-M-L),,,,,kg,,,,,,active
dominant-kad-n-camas-r-pamuklu-renkli-yan-ipli-tanga-7-li-paket-s-m-l,,,,,,,,Beden,S,,,,,,,,854356957-3,0.0,shopify,100,deny,manual,339.00,,true,true,,,,,,,,,false,,,,,,kg,,,,,,
dominant-kad-n-camas-r-pamuklu-renkli-yan-ipli-tanga-7-li-paket-s-m-l,,,,,,,,Beden,M,,,,,,,,854356957-4,0.0,shopify,100,deny,manual,339.00,,true,true,,,,,,,,,false,,,,,,kg,,,,,,
dominant-kad-n-camas-r-pamuklu-renkli-yan-ipli-tanga-7-li-paket-s-m-l,,,,,,,,,,,,,,,,,,,,,,,,,,,,,,,,https://cdn.dsmcdn.com/mnresize/620/920/ty1939/prod/QC_ENRICHMENT/20260617/15/fd0837da-6a7d-3fa3-99ce-67b5ec33519f/1_org_zoom.jpg,2,Dominant Kadın Çamaşır Pamuklu Renkli Yanı İpli TANGA 7'li Paket (S-M-L),,,,,,,,,,,,,
dominant-kad-n-camas-r-pamuklu-renkli-yan-ipli-tanga-7-li-paket-s-m-l,,,,,,,,,,,,,,,,,,,,,,,,,,,,,,,,https://cdn.dsmcdn.com/mnresize/620/920/ty1900/prod/QC_ENRICHMENT/20260617/15/17e45b61-66d6-3eb2-b9ab-40291ce2947f/1_org_zoom.jpg,3,Dominant Kadın Çamaşır Pamuklu Renkli Yanı İpli TANGA 7'li Paket (S-M-L),,,,,,,,,,,,,
dominant-kad-n-camas-r-pamuklu-renkli-yan-ipli-tanga-7-li-paket-s-m-l,,,,,,,,,,,,,,,,,,,,,,,,,,,,,,,,https://cdn.dsmcdn.com/mnresize/128/192/ty1920/prod/QC_ENRICHMENT/20260617/15/246aecee-4891-39c4-b2a1-13797648f513/1_org_zoom.jpg,4,Dominant Kadın Çamaşır Pamuklu Renkli Yanı İpli TANGA 7'li Paket (S-M-L),,,,,,,,,,,,,
dominant-kad-n-camas-r-pamuklu-renkli-yan-ipli-tanga-7-li-paket-s-m-l,,,,,,,,,,,,,,,,,,,,,,,,,,,,,,,,https://cdn.dsmcdn.com/mnresize/128/192/ty1926/prod/QC_ENRICHMENT/20260617/15/5df8c5c4-4560-31d2-99f0-cb8e491b6101/1_org_zoom.jpg,5,Dominant Kadın Çamaşır Pamuklu Renkli Yanı İpli TANGA 7'li Paket (S-M-L),,,,,,,,,,,,,
rockhard-erkek-camas-r-pamuklu-bel-lastikli-duz-boxer-5-li-paket,rockhard Erkek Çamaşır Pamuklu Bel Lastikli Düz BOXER 5'li Paket,"<p><a href=""https://www.trendyol.com/rockhard/erkek-camasir-pamuklu-bel-lastikli-duz-boxer-5-li-paket-p-1130432800?boutiqueId=61&merchantId=4341&filterOverPriceListings=false&sav=true"" rel=""nofollow"">Trendyol kaynak</a></p>
<p>Kaynak ID: 1130432800</p>",Dominant,Apparel & Accessories > Clothing > Underwear & Socks > Underwear,Erkek Boxer,"trendyol-import, Erkek, Boxer, rockhard, dominant",true,Beden,M,,,,,,,,1130432800-2,0.0,shopify,100,deny,manual,42.00,,true,true,,,,,,https://cdn.dsmcdn.com/mnresize/620/920/ty1906/prod/QC_ENRICHMENT/20260623/14/59831c71-f025-353b-ae6e-193c79e9a3a3/1_org_zoom.jpg,1,rockhard Erkek Çamaşır Pamuklu Bel Lastikli Düz BOXER 5'li Paket,false,rockhard Erkek Çamaşır Pamuklu Bel Lastikli Düz BOXER 5'li Paket,,,,,kg,,,,,,active
rockhard-erkek-camas-r-pamuklu-bel-lastikli-duz-boxer-5-li-paket,,,,,,,,Beden,L,,,,,,,,1130432800-3,0.0,shopify,100,deny,manual,42.00,,true,true,,,,,,,,,false,,,,,,kg,,,,,,
rockhard-erkek-camas-r-pamuklu-bel-lastikli-duz-boxer-5-li-paket,,,,,,,,Beden,XL,,,,,,,,1130432800-4,0.0,shopify,100,deny,manual,42.00,,true,true,,,,,,,,,false,,,,,,kg,,,,,,
rockhard-erkek-camas-r-pamuklu-bel-lastikli-duz-boxer-5-li-paket,,,,,,,,Beden,2XL,,,,,,,,1130432800-5,0.0,shopify,100,deny,manual,42.00,,true,true,,,,,,,,,false,,,,,,kg,,,,,,
rockhard-erkek-camas-r-pamuklu-bel-lastikli-duz-boxer-5-li-paket,,,,,,,,Beden,S,,,,,,,,1130432800-6,0.0,shopify,100,deny,manual,42.00,,true,true,,,,,,,,,false,,,,,,kg,,,,,,
rockhard-erkek-camas-r-pamuklu-bel-lastikli-duz-boxer-5-li-paket,,,,,,,,,,,,,,,,,,,,,,,,,,,,,,,,https://cdn.dsmcdn.com/mnresize/128/192/ty1906/prod/QC_ENRICHMENT/20260623/14/59831c71-f025-353b-ae6e-193c79e9a3a3/1_org_zoom.jpg,2,rockhard Erkek Çamaşır Pamuklu Bel Lastikli Düz BOXER 5'li Paket,,,,,,,,,,,,,
rockhard-erkek-camas-r-pamuklu-bel-lastikli-duz-boxer-5-li-paket,,,,,,,,,,,,,,,,,,,,,,,,,,,,,,,,https://cdn.dsmcdn.com/mnresize/128/192/ty1935/prod/QC_ENRICHMENT/20260623/15/9c16e980-0e39-32a1-8b04-3efd69f3909c/1_org_zoom.jpg,3,rockhard Erkek Çamaşır Pamuklu Bel Lastikli Düz BOXER 5'li Paket,,,,,,,,,,,,,
dominant-kad-n-dolgusuz-balensiz-rambo-pamuklu-bustiyer,Dominant Kadın Dolgusuz Balensiz Rambo Pamuklu Büstiyer,"<p><a href=""https://www.trendyol.com/dominant/kadin-dolgusuz-balensiz-rambo-pamuklu-bustiyer-p-1090298810?boutiqueId=61&merchantId=4341&filterOverPriceListings=false&sav=true"" rel=""nofollow"">Trendyol kaynak</a></p>
<p>Kaynak ID: 1090298810</p>",Dominant,Apparel & Accessories > Clothing > Underwear & Socks > Bras,Kadın Büstiyer,"trendyol-import, Kadın, Büstiyer, dominant",true,Beden,S/M,,,,,,,,1090298810-2,0.0,shopify,100,deny,manual,556.00,,true,true,,,,,,https://cdn.dsmcdn.com/mnresize/620/920/ty1812/prod/QC_PREP/20260122/16/d431020d-3aa3-36d5-b2fc-904de073ca14/1_org_zoom.jpg,1,Dominant Kadın Dolgusuz Balensiz Rambo Pamuklu Büstiyer,false,Dominant Kadın Dolgusuz Balensiz Rambo Pamuklu Büstiyer,,,,,kg,,,,,,active
dominant-kad-n-dolgusuz-balensiz-rambo-pamuklu-bustiyer,,,,,,,,Beden,L/XL,,,,,,,,1090298810-3,0.0,shopify,100,deny,manual,556.00,,true,true,,,,,,,,,false,,,,,,kg,,,,,,
dominant-kad-n-dolgusuz-balensiz-rambo-pamuklu-bustiyer,,,,,,,,,,,,,,,,,,,,,,,,,,,,,,,,https://cdn.dsmcdn.com/mnresize/128/192/ty1812/prod/QC_PREP/20260122/16/d431020d-3aa3-36d5-b2fc-904de073ca14/1_org_zoom.jpg,2,Dominant Kadın Dolgusuz Balensiz Rambo Pamuklu Büstiyer,,,,,,,,,,,,,
dominant-kad-n-dolgusuz-balensiz-rambo-pamuklu-bustiyer,,,,,,,,,,,,,,,,,,,,,,,,,,,,,,,,https://cdn.dsmcdn.com/mnresize/128/192/ty1721/prod/QC_ENRICHMENT/20250804/19/f128f6a7-1ac9-3f42-8718-6573ab8d8a6d/1_org_zoom.jpg,3,Dominant Kadın Dolgusuz Balensiz Rambo Pamuklu Büstiyer,,,,,,,,,,,,,
domikids-domikids-k-z-cocuk-pamuklu-kulot-7-li-paket-79500,DOMİKİDS DomiKids Kız Çocuk Pamuklu Külot 7'Li Paket 79500,"<p><a href=""https://www.trendyol.com/domikids/domikids-kiz-cocuk-pamuklu-kulot-7-li-paket-79500-p-855682535?boutiqueId=61&merchantId=4341&filterOverPriceListings=false&sav=true"" rel=""nofollow"">Trendyol kaynak</a></p>
<p>Kaynak ID: 855682535</p>",Dominant,Apparel & Accessories > Clothing > Underwear & Socks > Underwear,Kız Çocuk Külot,"trendyol-import, Kız, Çocuk, Külot, domi-kids, dominant",true,Title,Default Title,,,,,,,,855682535,0.0,shopify,100,deny,manual,429.00,,true,true,,,,,,https://cdn.dsmcdn.com/mnresize/620/920/ty1521/product/media/images/prod/QC/20240904/09/821bb765-9dc9-33f6-830e-975475b21cc9/1_org_zoom.jpg,1,DOMİKİDS DomiKids Kız Çocuk Pamuklu Külot 7'Li Paket 79500,false,DOMİKİDS DomiKids Kız Çocuk Pamuklu Külot 7'Li Paket 79500,,,,,kg,,,,,,active
domikids-domikids-k-z-cocuk-pamuklu-kulot-7-li-paket-79500,,,,,,,,,,,,,,,,,,,,,,,,,,,,,,,,https://cdn.dsmcdn.com/mnresize/128/192/ty1521/product/media/images/prod/QC/20240904/09/f89c4711-2a8d-33f8-818b-bfb426ab6c12/1_org_zoom.jpg,2,DOMİKİDS DomiKids Kız Çocuk Pamuklu Külot 7'Li Paket 79500,,,,,,,,,,,,,
domikids-domikids-k-z-cocuk-pamuklu-kulot-7-li-paket-79500,,,,,,,,,,,,,,,,,,,,,,,,,,,,,,,,https://cdn.dsmcdn.com/mnresize/128/192/ty1523/product/media/images/prod/QC/20240904/09/234a636b-0a75-3dba-995e-d867d01a6d7e/1_org_zoom.jpg,3,DOMİKİDS DomiKids Kız Çocuk Pamuklu Külot 7'Li Paket 79500,,,,,,,,,,,,,
domikids-domikids-k-z-cocuk-pamuklu-kulot-7-li-paket-79500,,,,,,,,,,,,,,,,,,,,,,,,,,,,,,,,https://cdn.dsmcdn.com/mnresize/128/192/ty1521/product/media/images/prod/QC/20240904/09/821bb765-9dc9-33f6-830e-975475b21cc9/1_org_zoom.jpg,4,DOMİKİDS DomiKids Kız Çocuk Pamuklu Külot 7'Li Paket 79500,,,,,,,,,,,,,
domikids-domikids-k-z-cocuk-pamuklu-kulot-7-li-paket-79500,,,,,,,,,,,,,,,,,,,,,,,,,,,,,,,,https://cdn.dsmcdn.com/mnresize/128/192/ty1522/product/media/images/prod/QC/20240904/09/6969aa98-1a69-3f50-8b1c-0e8b419d0093/1_org_zoom.jpg,5,DOMİKİDS DomiKids Kız Çocuk Pamuklu Külot 7'Li Paket 79500,,,,,,,,,,,,,
domikids-domikids-k-z-cocuk-pamuklu-kulot-7-li-paket-79500,DOMİKİDS DomiKids Kız Çocuk Pamuklu Külot 7'Li Paket 79500,"<p><a href=""https://www.trendyol.com/domikids/domikids-kiz-cocuk-pamuklu-kulot-7-li-paket-79500-p-855682537?boutiqueId=61&merchantId=4341&filterOverPriceListings=false&sav=true"" rel=""nofollow"">Trendyol kaynak</a></p>
<p>Kaynak ID: 855682537</p>",Dominant,Apparel & Accessories > Clothing > Underwear & Socks > Underwear,Kız Çocuk Külot,"trendyol-import, Kız, Çocuk, Külot, domi-kids, dominant",true,Title,Default Title,,,,,,,,855682537,0.0,shopify,100,deny,manual,429.00,,true,true,,,,,,https://cdn.dsmcdn.com/mnresize/620/920/ty1521/product/media/images/prod/QC/20240904/09/f89c4711-2a8d-33f8-818b-bfb426ab6c12/1_org_zoom.jpg,1,DOMİKİDS DomiKids Kız Çocuk Pamuklu Külot 7'Li Paket 79500,false,DOMİKİDS DomiKids Kız Çocuk Pamuklu Külot 7'Li Paket 79500,,,,,kg,,,,,,active
domikids-domikids-k-z-cocuk-pamuklu-kulot-7-li-paket-79500,,,,,,,,,,,,,,,,,,,,,,,,,,,,,,,,https://cdn.dsmcdn.com/mnresize/128/192/ty1521/product/media/images/prod/QC/20240904/09/f89c4711-2a8d-33f8-818b-bfb426ab6c12/1_org_zoom.jpg,2,DOMİKİDS DomiKids Kız Çocuk Pamuklu Külot 7'Li Paket 79500,,,,,,,,,,,,,
domikids-domikids-k-z-cocuk-pamuklu-kulot-7-li-paket-79500,,,,,,,,,,,,,,,,,,,,,,,,,,,,,,,,https://cdn.dsmcdn.com/mnresize/128/192/ty1523/product/media/images/prod/QC/20240904/09/234a636b-0a75-3dba-995e-d867d01a6d7e/1_org_zoom.jpg,3,DOMİKİDS DomiKids Kız Çocuk Pamuklu Külot 7'Li Paket 79500,,,,,,,,,,,,,
domikids-domikids-k-z-cocuk-pamuklu-kulot-7-li-paket-79500,,,,,,,,,,,,,,,,,,,,,,,,,,,,,,,,https://cdn.dsmcdn.com/mnresize/128/192/ty1521/product/media/images/prod/QC/20240904/09/821bb765-9dc9-33f6-830e-975475b21cc9/1_org_zoom.jpg,4,DOMİKİDS DomiKids Kız Çocuk Pamuklu Külot 7'Li Paket 79500,,,,,,,,,,,,,
domikids-domikids-k-z-cocuk-pamuklu-kulot-7-li-paket-79500,,,,,,,,,,,,,,,,,,,,,,,,,,,,,,,,https://cdn.dsmcdn.com/mnresize/128/192/ty1522/product/media/images/prod/QC/20240904/09/6969aa98-1a69-3f50-8b1c-0e8b419d0093/1_org_zoom.jpg,5,DOMİKİDS DomiKids Kız Çocuk Pamuklu Külot 7'Li Paket 79500,,,,,,,,,,,,,
dominant-kad-n-fitilli-ribana-7-li-paket-kulot,Dominant Kadın Fitilli Ribana 7'li Paket Külot,"<p><a href=""https://www.trendyol.com/dominant/kadin-fitilli-ribana-7-li-paket-kulot-p-954265707?boutiqueId=61&merchantId=4341&filterOverPriceListings=false&sav=true"" rel=""nofollow"">Trendyol kaynak</a></p>
<p>Kaynak ID: 954265707</p>",Dominant,Apparel & Accessories > Clothing > Underwear & Socks > Underwear,Kadın Külot,"trendyol-import, Kadın, Külot, dominant",true,Beden,2XL,,,,,,,,954265707-2,0.0,shopify,100,deny,manual,299.00,,true,true,,,,,,https://cdn.dsmcdn.com/mnresize/620/920/ty1707/prod/QC_PREP/20250709/14/5d5b93ce-e8e8-33f5-ac1f-33ed0e2bdbba/1_org_zoom.jpg,1,Dominant Kadın Fitilli Ribana 7'li Paket Külot,false,Dominant Kadın Fitilli Ribana 7'li Paket Külot,,,,,kg,,,,,,active
dominant-kad-n-fitilli-ribana-7-li-paket-kulot,,,,,,,,Beden,XL,,,,,,,,954265707-3,0.0,shopify,100,deny,manual,299.00,,true,true,,,,,,,,,false,,,,,,kg,,,,,,
dominant-kad-n-fitilli-ribana-7-li-paket-kulot,,,,,,,,Beden,3XL,,,,,,,,954265707-4,0.0,shopify,100,deny,manual,299.00,,true,true,,,,,,,,,false,,,,,,kg,,,,,,
dominant-kad-n-fitilli-ribana-7-li-paket-kulot,,,,,,,,,,,,,,,,,,,,,,,,,,,,,,,,https://cdn.dsmcdn.com/mnresize/620/920/ty1707/prod/QC_PREP/20250709/14/5d9eeb6a-9dcb-3ca1-bcbe-2b8acc797aa8/1_org_zoom.jpg,2,Dominant Kadın Fitilli Ribana 7'li Paket Külot,,,,,,,,,,,,,
dominant-kad-n-fitilli-ribana-7-li-paket-kulot,,,,,,,,,,,,,,,,,,,,,,,,,,,,,,,,https://cdn.dsmcdn.com/mnresize/620/920/ty1709/prod/QC_PREP/20250709/14/92d825ca-999a-3c72-b8da-1b581ef4d664/1_org_zoom.jpg,3,Dominant Kadın Fitilli Ribana 7'li Paket Külot,,,,,,,,,,,,,
domikids-k-z-cocuk-pamuklu-bustiyer-5-li-paket-67000,DOMİKİDS Kız Çocuk Pamuklu Bustiyer 5'Li Paket 67000,"<p><a href=""https://www.trendyol.com/domikids/kiz-cocuk-pamuklu-bustiyer-5-li-paket-67000-p-862116611?boutiqueId=61&merchantId=4341&filterOverPriceListings=false&sav=true"" rel=""nofollow"">Trendyol kaynak</a></p>
<p>Kaynak ID: 862116611</p>",Dominant,Apparel & Accessories > Clothing > Underwear & Socks > Underwear,Kız Çocuk Büstiyer,"trendyol-import, Çocuk, Büstiyer, Kız, domi-kids, dominant",true,Title,Default Title,,,,,,,,862116611,0.0,shopify,100,deny,manual,512.00,,true,true,,,,,,https://cdn.dsmcdn.com/mnresize/620/920/ty1928/prod/QC_ENRICHMENT/20260520/14/dfc11322-a340-358c-9f8e-724a788de4c1/1_org_zoom.jpg,1,DOMİKİDS Kız Çocuk Pamuklu Bustiyer 5'Li Paket 67000,false,DOMİKİDS Kız Çocuk Pamuklu Bustiyer 5'Li Paket 67000,,,,,kg,,,,,,active
domikids-k-z-cocuk-pamuklu-bustiyer-5-li-paket-67000,,,,,,,,,,,,,,,,,,,,,,,,,,,,,,,,https://cdn.dsmcdn.com/mnresize/620/920/ty1934/prod/QC_ENRICHMENT/20260520/14/226c29b0-de13-3739-8d39-2e9ae717e539/1_org_zoom.jpg,2,DOMİKİDS Kız Çocuk Pamuklu Bustiyer 5'Li Paket 67000,,,,,,,,,,,,,
rockhard-erkek-baskl-pamuklu-boxer-5-li-paket,rockhard Erkek Basklı Pamuklu Boxer 5'li Paket,"<p><a href=""https://www.trendyol.com/rockhard/erkek-baskli-pamuklu-boxer-5-li-paket-p-955436007?boutiqueId=61&merchantId=4341&filterOverPriceListings=false&sav=true"" rel=""nofollow"">Trendyol kaynak</a></p>
<p>Kaynak ID: 955436007</p>",Dominant,Apparel & Accessories > Clothing > Underwear & Socks > Underwear,Erkek Boxer,"trendyol-import, Erkek, Boxer, rockhard, dominant",true,Beden,L,,,,,,,,955436007-2,0.0,shopify,100,deny,manual,42.00,,true,true,,,,,,https://cdn.dsmcdn.com/mnresize/620/920/ty1707/prod/QC_PREP/20250711/16/b5751890-2088-3c87-9644-1ee971a98370/1_org_zoom.jpg,1,rockhard Erkek Basklı Pamuklu Boxer 5'li Paket,false,rockhard Erkek Basklı Pamuklu Boxer 5'li Paket,,,,,kg,,,,,,active
rockhard-erkek-baskl-pamuklu-boxer-5-li-paket,,,,,,,,Beden,XL,,,,,,,,955436007-3,0.0,shopify,100,deny,manual,42.00,,true,true,,,,,,,,,false,,,,,,kg,,,,,,
rockhard-erkek-baskl-pamuklu-boxer-5-li-paket,,,,,,,,Beden,M,,,,,,,,955436007-4,0.0,shopify,100,deny,manual,42.00,,true,true,,,,,,,,,false,,,,,,kg,,,,,,
rockhard-erkek-baskl-pamuklu-boxer-5-li-paket,,,,,,,,Beden,2XL,,,,,,,,955436007-5,0.0,shopify,100,deny,manual,42.00,,true,true,,,,,,,,,false,,,,,,kg,,,,,,
rockhard-erkek-baskl-pamuklu-boxer-5-li-paket,,,,,,,,,,,,,,,,,,,,,,,,,,,,,,,,https://cdn.dsmcdn.com/mnresize/620/920/ty1707/prod/QC_PREP/20250711/16/35d41c04-8277-3455-8806-88793cd85b07/1_org_zoom.jpg,2,rockhard Erkek Basklı Pamuklu Boxer 5'li Paket,,,,,,,,,,,,,
rockhard-erkek-baskl-pamuklu-boxer-5-li-paket,,,,,,,,,,,,,,,,,,,,,,,,,,,,,,,,https://cdn.dsmcdn.com/mnresize/620/920/ty1709/prod/QC_PREP/20250711/16/e9533e36-4417-3c6b-a620-09309326b42d/1_org_zoom.jpg,3,rockhard Erkek Basklı Pamuklu Boxer 5'li Paket,,,,,,,,,,,,,
rockhard-erkek-baskl-pamuklu-boxer-5-li-paket,,,,,,,,,,,,,,,,,,,,,,,,,,,,,,,,https://cdn.dsmcdn.com/mnresize/620/920/ty1708/prod/QC_PREP/20250711/16/da8f3c01-23bb-3213-b4b4-16dd75fb7ccf/1_org_zoom.jpg,4,rockhard Erkek Basklı Pamuklu Boxer 5'li Paket,,,,,,,,,,,,,
rockhard-erkek-baskl-pamuklu-boxer-5-li-paket,,,,,,,,,,,,,,,,,,,,,,,,,,,,,,,,https://cdn.dsmcdn.com/mnresize/620/920/ty1708/prod/QC_PREP/20250711/16/93122826-6347-340f-8226-5aa907e9e469/1_org_zoom.jpg,5,rockhard Erkek Basklı Pamuklu Boxer 5'li Paket,,,,,,,,,,,,,
rockhard-erkek-baskl-pamuklu-boxer-5-li-paket,,,,,,,,,,,,,,,,,,,,,,,,,,,,,,,,https://cdn.dsmcdn.com/mnresize/128/192/ty1709/prod/QC_PREP/20250711/16/35505d9c-b71a-30f9-b240-034f3c5c5517/1_org_zoom.jpg,6,rockhard Erkek Basklı Pamuklu Boxer 5'li Paket,,,,,,,,,,,,,
rockhard-erkek-baskl-pamuklu-boxer-5-li-paket,,,,,,,,,,,,,,,,,,,,,,,,,,,,,,,,https://cdn.dsmcdn.com/mnresize/128/192/ty1707/prod/QC_PREP/20250711/16/b5751890-2088-3c87-9644-1ee971a98370/1_org_zoom.jpg,7,rockhard Erkek Basklı Pamuklu Boxer 5'li Paket,,,,,,,,,,,,,
domi-kids-k-z-cocuk-camas-r-pamuklu-renkli-bask-l-kulot-5-li-paket,DOMİ KİDS Kız Çocuk Çamaşır Pamuklu Renkli Baskılı Külot 5'li Paket,"<p><a href=""https://www.trendyol.com/domi/kids-kiz-cocuk-camasir-pamuklu-renkli-baskili-kulot-5-li-paket-p-1155015763?boutiqueId=61&merchantId=4341&filterOverPriceListings=false&sav=true"" rel=""nofollow"">Trendyol kaynak</a></p>
<p>Kaynak ID: 1155015763</p>",Dominant,Apparel & Accessories > Clothing > Underwear & Socks > Underwear,Kız Çocuk Külot,"trendyol-import, Kız, Çocuk, Külot, domi-kids, dominant",true,Beden,2/3,,,,,,,,1155015763-2,0.0,shopify,100,deny,manual,349.00,,true,true,,,,,,https://cdn.dsmcdn.com/mnresize/620/920/ty1906/prod/QC_PREP/20260610/15/156b122b-f5ef-3f84-9b44-f1957e35bf59/1_org_zoom.jpg,1,DOMİ KİDS Kız Çocuk Çamaşır Pamuklu Renkli Baskılı Külot 5'li Paket,false,DOMİ KİDS Kız Çocuk Çamaşır Pamuklu Renkli Baskılı Külot 5'li Paket,,,,,kg,,,,,,active
domi-kids-k-z-cocuk-camas-r-pamuklu-renkli-bask-l-kulot-5-li-paket,,,,,,,,Beden,4/5,,,,,,,,1155015763-3,0.0,shopify,100,deny,manual,349.00,,true,true,,,,,,,,,false,,,,,,kg,,,,,,
domi-kids-k-z-cocuk-camas-r-pamuklu-renkli-bask-l-kulot-5-li-paket,,,,,,,,Beden,9,,,,,,,,1155015763-4,0.0,shopify,100,deny,manual,349.00,,true,true,,,,,,,,,false,,,,,,kg,,,,,,
domi-kids-k-z-cocuk-camas-r-pamuklu-renkli-bask-l-kulot-5-li-paket,,,,,,,,Beden,6/7,,,,,,,,1155015763-5,0.0,shopify,100,deny,manual,349.00,,true,true,,,,,,,,,false,,,,,,kg,,,,,,
domi-kids-k-z-cocuk-camas-r-pamuklu-renkli-bask-l-kulot-5-li-paket,,,,,,,,,,,,,,,,,,,,,,,,,,,,,,,,https://cdn.dsmcdn.com/mnresize/620/920/ty1912/prod/QC_PREP/20260610/15/77c02c72-66ad-36ea-aed3-ba462de91fce/1_org_zoom.jpg,2,DOMİ KİDS Kız Çocuk Çamaşır Pamuklu Renkli Baskılı Külot 5'li Paket,,,,,,,,,,,,,
domi-kids-k-z-cocuk-camas-r-pamuklu-renkli-bask-l-kulot-5-li-paket,,,,,,,,,,,,,,,,,,,,,,,,,,,,,,,,https://cdn.dsmcdn.com/mnresize/620/920/ty1912/prod/QC_PREP/20260610/15/b745f856-cff6-33ce-98ac-af23aafe6cc0/1_org_zoom.jpg,3,DOMİ KİDS Kız Çocuk Çamaşır Pamuklu Renkli Baskılı Külot 5'li Paket,,,,,,,,,,,,,
domi-kids-k-z-cocuk-camas-r-pamuklu-renkli-bask-l-kulot-5-li-paket,,,,,,,,,,,,,,,,,,,,,,,,,,,,,,,,https://cdn.dsmcdn.com/mnresize/620/920/ty1918/prod/QC_PREP/20260610/15/6bd16bfe-c428-3540-887f-d19df79616d3/1_org_zoom.jpg,4,DOMİ KİDS Kız Çocuk Çamaşır Pamuklu Renkli Baskılı Külot 5'li Paket,,,,,,,,,,,,,
domi-kids-k-z-cocuk-camas-r-pamuklu-renkli-bask-l-kulot-5-li-paket,,,,,,,,,,,,,,,,,,,,,,,,,,,,,,,,https://cdn.dsmcdn.com/mnresize/620/920/ty1939/prod/QC_PREP/20260610/15/a8f676a0-92bb-3f9a-a61c-5b875fac8d4f/1_org_zoom.jpg,5,DOMİ KİDS Kız Çocuk Çamaşır Pamuklu Renkli Baskılı Külot 5'li Paket,,,,,,,,,,,,,
domi-kids-erkek-cocuk-camas-r-pamuklu-bask-l-bel-gizli-lastik-boxer-5-li-paket,DOMİ KİDS Erkek Çocuk Çamaşır Pamuklu Baskılı Bel Gizli Lastik BOXER 5'li Paket,"<p><a href=""https://www.trendyol.com/domi/kids-erkek-cocuk-camasir-pamuklu-baskili-bel-gizli-lastik-boxer-5-li-paket-p-1153207980?boutiqueId=61&merchantId=4341&filterOverPriceListings=false&sav=true"" rel=""nofollow"">Trendyol kaynak</a></p>
<p>Kaynak ID: 1153207980</p>",Dominant,Apparel & Accessories > Clothing > Underwear & Socks > Underwear,Erkek Çocuk Boxer,"trendyol-import, Erkek, Boxer, Çocuk, rockhard, dominant",true,Beden,14,,,,,,,,1153207980-2,0.0,shopify,100,deny,manual,10.00,,true,true,,,,,,https://cdn.dsmcdn.com/mnresize/620/920/ty1927/prod/QC_PREP/20260605/09/cc0804d1-c434-36eb-b072-0bcc06a37b77/1_org_zoom.jpg,1,DOMİ KİDS Erkek Çocuk Çamaşır Pamuklu Baskılı Bel Gizli Lastik BOXER 5'li Paket,false,DOMİ KİDS Erkek Çocuk Çamaşır Pamuklu Baskılı Bel Gizli Lastik BOXER 5'li Paket,,,,,kg,,,,,,active
domi-kids-erkek-cocuk-camas-r-pamuklu-bask-l-bel-gizli-lastik-boxer-5-li-paket,,,,,,,,,,,,,,,,,,,,,,,,,,,,,,,,https://cdn.dsmcdn.com/mnresize/620/920/ty1928/prod/QC_PREP/20260605/09/44ecda7a-d1e9-3aec-ab3f-f34705a805a6/1_org_zoom.jpg,2,DOMİ KİDS Erkek Çocuk Çamaşır Pamuklu Baskılı Bel Gizli Lastik BOXER 5'li Paket,,,,,,,,,,,,,
domi-kids-erkek-cocuk-camas-r-pamuklu-bask-l-bel-gizli-lastik-boxer-5-li-paket,,,,,,,,,,,,,,,,,,,,,,,,,,,,,,,,https://cdn.dsmcdn.com/mnresize/620/920/ty1934/prod/QC_PREP/20260605/09/b7b9563d-6c9e-35c9-8794-dcf1a1b2482c/1_org_zoom.jpg,3,DOMİ KİDS Erkek Çocuk Çamaşır Pamuklu Baskılı Bel Gizli Lastik BOXER 5'li Paket,,,,,,,,,,,,,
domi-kids-erkek-cocuk-camas-r-pamuklu-bask-l-bel-gizli-lastik-boxer-5-li-paket,,,,,,,,,,,,,,,,,,,,,,,,,,,,,,,,https://cdn.dsmcdn.com/mnresize/620/920/ty1902/prod/QC_PREP/20260605/09/a071d7b3-2263-3a64-91d0-0a1e091611e4/1_org_zoom.jpg,4,DOMİ KİDS Erkek Çocuk Çamaşır Pamuklu Baskılı Bel Gizli Lastik BOXER 5'li Paket,,,,,,,,,,,,,
domi-kids-erkek-cocuk-camas-r-pamuklu-bask-l-bel-gizli-lastik-boxer-5-li-paket,,,,,,,,,,,,,,,,,,,,,,,,,,,,,,,,https://cdn.dsmcdn.com/mnresize/620/920/ty1941/prod/QC_PREP/20260605/09/9e49f8c0-bbd2-3fa7-a617-83d8b88224f1/1_org_zoom.jpg,5,DOMİ KİDS Erkek Çocuk Çamaşır Pamuklu Baskılı Bel Gizli Lastik BOXER 5'li Paket,,,,,,,,,,,,,
domi-kids-erkek-cocuk-camas-r-pamuklu-bask-l-bel-gizli-lastik-boxer-5-li-paket,,,,,,,,,,,,,,,,,,,,,,,,,,,,,,,,https://cdn.dsmcdn.com/mnresize/620/920/ty1942/prod/QC_PREP/20260605/09/6d951afc-c286-3f63-9546-51926d647165/1_org_zoom.jpg,6,DOMİ KİDS Erkek Çocuk Çamaşır Pamuklu Baskılı Bel Gizli Lastik BOXER 5'li Paket,,,,,,,,,,,,,
domi-kids-erkek-cocuk-camas-r-pamuklu-bask-l-bel-gizli-lastik-boxer-5-li-paket,,,,,,,,,,,,,,,,,,,,,,,,,,,,,,,,https://cdn.dsmcdn.com/mnresize/128/192/ty1927/prod/QC_PREP/20260605/09/cc0804d1-c434-36eb-b072-0bcc06a37b77/1_org_zoom.jpg,7,DOMİ KİDS Erkek Çocuk Çamaşır Pamuklu Baskılı Bel Gizli Lastik BOXER 5'li Paket,,,,,,,,,,,,,
domi-kids-erkek-cocuk-camas-r-pamuklu-bask-l-bel-gizli-lastik-boxer-5-li-paket,,,,,,,,,,,,,,,,,,,,,,,,,,,,,,,,https://cdn.dsmcdn.com/mnresize/128/192/ty1924/prod/QC_PREP/20260605/09/466068c6-2bb4-3aee-bdc0-0f3b48500afa/1_org_zoom.jpg,8,DOMİ KİDS Erkek Çocuk Çamaşır Pamuklu Baskılı Bel Gizli Lastik BOXER 5'li Paket,,,,,,,,,,,,,
rockhard-erkek-baskl-pamuklu-boxer-5-li-paket,rockhard Erkek Basklı Pamuklu Boxer 5'li Paket,"<p><a href=""https://www.trendyol.com/rockhard/erkek-baskli-pamuklu-boxer-5-li-paket-p-955436083?boutiqueId=61&merchantId=4341&filterOverPriceListings=false&sav=true"" rel=""nofollow"">Trendyol kaynak</a></p>
<p>Kaynak ID: 955436083</p>",Dominant,Apparel & Accessories > Clothing > Underwear & Socks > Underwear,Erkek Boxer,"trendyol-import, Erkek, Boxer, rockhard, dominant",true,Beden,L,,,,,,,,955436083-2,0.0,shopify,100,deny,manual,42.00,,true,true,,,,,,https://cdn.dsmcdn.com/mnresize/620/920/ty1709/prod/QC_PREP/20250711/16/35505d9c-b71a-30f9-b240-034f3c5c5517/1_org_zoom.jpg,1,rockhard Erkek Basklı Pamuklu Boxer 5'li Paket,false,rockhard Erkek Basklı Pamuklu Boxer 5'li Paket,,,,,kg,,,,,,active
rockhard-erkek-baskl-pamuklu-boxer-5-li-paket,,,,,,,,Beden,M,,,,,,,,955436083-3,0.0,shopify,100,deny,manual,42.00,,true,true,,,,,,,,,false,,,,,,kg,,,,,,
rockhard-erkek-baskl-pamuklu-boxer-5-li-paket,,,,,,,,Beden,XL,,,,,,,,955436083-4,0.0,shopify,100,deny,manual,42.00,,true,true,,,,,,,,,false,,,,,,kg,,,,,,
rockhard-erkek-baskl-pamuklu-boxer-5-li-paket,,,,,,,,Beden,2XL,,,,,,,,955436083-5,0.0,shopify,100,deny,manual,42.00,,true,true,,,,,,,,,false,,,,,,kg,,,,,,
rockhard-erkek-baskl-pamuklu-boxer-5-li-paket,,,,,,,,,,,,,,,,,,,,,,,,,,,,,,,,https://cdn.dsmcdn.com/mnresize/620/920/ty1707/prod/QC_PREP/20250711/16/2c709d86-a9c7-31a1-8bf7-ac0e59260f21/1_org_zoom.jpg,2,rockhard Erkek Basklı Pamuklu Boxer 5'li Paket,,,,,,,,,,,,,
rockhard-erkek-baskl-pamuklu-boxer-5-li-paket,,,,,,,,,,,,,,,,,,,,,,,,,,,,,,,,https://cdn.dsmcdn.com/mnresize/620/920/ty1709/prod/QC_PREP/20250711/16/42363e00-3037-3739-a96d-5d787c651527/1_org_zoom.jpg,3,rockhard Erkek Basklı Pamuklu Boxer 5'li Paket,,,,,,,,,,,,,
rockhard-erkek-baskl-pamuklu-boxer-5-li-paket,,,,,,,,,,,,,,,,,,,,,,,,,,,,,,,,https://cdn.dsmcdn.com/mnresize/620/920/ty1707/prod/QC_PREP/20250711/16/c12c0571-ddf0-3236-ba65-d021e30d3088/1_org_zoom.jpg,4,rockhard Erkek Basklı Pamuklu Boxer 5'li Paket,,,,,,,,,,,,,
rockhard-erkek-baskl-pamuklu-boxer-5-li-paket,,,,,,,,,,,,,,,,,,,,,,,,,,,,,,,,https://cdn.dsmcdn.com/mnresize/620/920/ty1708/prod/QC_PREP/20250711/16/565112e5-4fdb-3404-96dc-cff6ea32eb96/1_org_zoom.jpg,5,rockhard Erkek Basklı Pamuklu Boxer 5'li Paket,,,,,,,,,,,,,
rockhard-erkek-baskl-pamuklu-boxer-5-li-paket,,,,,,,,,,,,,,,,,,,,,,,,,,,,,,,,https://cdn.dsmcdn.com/mnresize/620/920/ty1707/prod/QC_PREP/20250711/16/374e4e40-32e7-3c59-a20a-64e908bc6ea3/1_org_zoom.jpg,6,rockhard Erkek Basklı Pamuklu Boxer 5'li Paket,,,,,,,,,,,,,
rockhard-erkek-baskl-pamuklu-boxer-5-li-paket,,,,,,,,,,,,,,,,,,,,,,,,,,,,,,,,https://cdn.dsmcdn.com/mnresize/128/192/ty1709/prod/QC_PREP/20250711/16/35505d9c-b71a-30f9-b240-034f3c5c5517/1_org_zoom.jpg,7,rockhard Erkek Basklı Pamuklu Boxer 5'li Paket,,,,,,,,,,,,,
rockhard-erkek-baskl-pamuklu-boxer-5-li-paket,,,,,,,,,,,,,,,,,,,,,,,,,,,,,,,,https://cdn.dsmcdn.com/mnresize/128/192/ty1707/prod/QC_PREP/20250711/16/b5751890-2088-3c87-9644-1ee971a98370/1_org_zoom.jpg,8,rockhard Erkek Basklı Pamuklu Boxer 5'li Paket,,,,,,,,,,,,,
dominant-kad-n-camas-r-pamuklu-ip-ask-l-c-tc-tl-body-2-li-paket,Dominant Kadın Çamaşır Pamuklu İp Askılı Çıtçıtlı BODY 2'li paket,"<p><a href=""https://www.trendyol.com/dominant/kadin-camasir-pamuklu-ip-askili-citcitli-body-2-li-paket-p-1154388155?boutiqueId=61&merchantId=4341&filterOverPriceListings=false&sav=true"" rel=""nofollow"">Trendyol kaynak</a></p>
<p>Kaynak ID: 1154388155</p>",Dominant,Apparel & Accessories > Clothing > Underwear & Socks > Lingerie,Kadın Body,"trendyol-import, Kadın, Body, İç Giyim, dominant",true,Beden,M/L,,,,,,,,1154388155-2,0.0,shopify,100,deny,manual,469.00,,true,true,,,,,,https://cdn.dsmcdn.com/mnresize/620/920/ty1931/prod/QC_PREP/20260608/16/b37136d9-57be-3be3-aa9d-7de9ee0fbb89/1_org_zoom.jpg,1,Dominant Kadın Çamaşır Pamuklu İp Askılı Çıtçıtlı BODY 2'li paket,false,Dominant Kadın Çamaşır Pamuklu İp Askılı Çıtçıtlı BODY 2'li paket,,,,,kg,,,,,,active
dominant-kad-n-camas-r-pamuklu-ip-ask-l-c-tc-tl-body-2-li-paket,,,,,,,,,,,,,,,,,,,,,,,,,,,,,,,,https://cdn.dsmcdn.com/mnresize/620/920/ty1901/prod/QC_PREP/20260608/16/be0e6f12-051c-3da6-b4e0-6a1fdd6e92a7/1_org_zoom.jpg,2,Dominant Kadın Çamaşır Pamuklu İp Askılı Çıtçıtlı BODY 2'li paket,,,,,,,,,,,,,
dominant-kad-n-camas-r-pamuklu-ip-ask-l-c-tc-tl-body-2-li-paket,,,,,,,,,,,,,,,,,,,,,,,,,,,,,,,,https://cdn.dsmcdn.com/mnresize/620/920/ty1923/prod/QC_PREP/20260608/16/91e401ca-75e8-3b1e-bb54-d1c1e4f88713/1_org_zoom.jpg,3,Dominant Kadın Çamaşır Pamuklu İp Askılı Çıtçıtlı BODY 2'li paket,,,,,,,,,,,,,
domi-kids-erkek-cocuk-camas-r-pamuklu-ribana-beyaz-atlet-3-lu-paket,DOMİ KİDS Erkek Çocuk Çamaşır Pamuklu Ribana Beyaz ATLET 3'lü Paket,"<p><a href=""https://www.trendyol.com/domi/kids-erkek-cocuk-camasir-pamuklu-ribana-beyaz-atlet-3-lu-paket-p-1154284762?boutiqueId=61&merchantId=4341&filterOverPriceListings=false&sav=true"" rel=""nofollow"">Trendyol kaynak</a></p>
<p>Kaynak ID: 1154284762</p>",Dominant,Apparel & Accessories > Clothing > Underwear & Socks > Underwear,Erkek Çocuk Atlet,"trendyol-import, Çocuk, Atlet, Erkek, domi-kids, dominant",true,Beden,14,,,,,,,,1154284762-2,0.0,shopify,100,deny,manual,659.00,,true,true,,,,,,https://cdn.dsmcdn.com/mnresize/620/920/ty1906/prod/QC_PREP/20260608/11/6334f235-b1d3-3115-ba1a-f3cc69d45df1/1_org_zoom.jpg,1,DOMİ KİDS Erkek Çocuk Çamaşır Pamuklu Ribana Beyaz ATLET 3'lü Paket,false,DOMİ KİDS Erkek Çocuk Çamaşır Pamuklu Ribana Beyaz ATLET 3'lü Paket,,,,,kg,,,,,,active
domi-kids-erkek-cocuk-camas-r-pamuklu-ribana-beyaz-atlet-3-lu-paket,,,,,,,,Beden,10/11,,,,,,,,1154284762-3,0.0,shopify,100,deny,manual,659.00,,true,true,,,,,,,,,false,,,,,,kg,,,,,,
domi-kids-erkek-cocuk-camas-r-pamuklu-ribana-beyaz-atlet-3-lu-paket,,,,,,,,Beden,12/13,,,,,,,,1154284762-4,0.0,shopify,100,deny,manual,659.00,,true,true,,,,,,,,,false,,,,,,kg,,,,,,
rockhard-erkek-camas-r-pamuklu-bel-lastikli-duz-boxer-5-li-paket,rockhard Erkek Çamaşır Pamuklu Bel Lastikli Düz BOXER 5'li Paket,"<p><a href=""https://www.trendyol.com/rockhard/erkek-camasir-pamuklu-bel-lastikli-duz-boxer-5-li-paket-p-1130428031?boutiqueId=61&merchantId=4341&filterOverPriceListings=false&sav=true"" rel=""nofollow"">Trendyol kaynak</a></p>
<p>Kaynak ID: 1130428031</p>",Dominant,Apparel & Accessories > Clothing > Underwear & Socks > Underwear,Erkek Boxer,"trendyol-import, Erkek, Boxer, rockhard, dominant",true,Beden,M,,,,,,,,1130428031-2,0.0,shopify,100,deny,manual,42.00,,true,true,,,,,,https://cdn.dsmcdn.com/mnresize/620/920/ty1935/prod/QC_ENRICHMENT/20260623/15/9c16e980-0e39-32a1-8b04-3efd69f3909c/1_org_zoom.jpg,1,rockhard Erkek Çamaşır Pamuklu Bel Lastikli Düz BOXER 5'li Paket,false,rockhard Erkek Çamaşır Pamuklu Bel Lastikli Düz BOXER 5'li Paket,,,,,kg,,,,,,active
rockhard-erkek-camas-r-pamuklu-bel-lastikli-duz-boxer-5-li-paket,,,,,,,,Beden,L,,,,,,,,1130428031-3,0.0,shopify,100,deny,manual,42.00,,true,true,,,,,,,,,false,,,,,,kg,,,,,,
rockhard-erkek-camas-r-pamuklu-bel-lastikli-duz-boxer-5-li-paket,,,,,,,,Beden,XL,,,,,,,,1130428031-4,0.0,shopify,100,deny,manual,42.00,,true,true,,,,,,,,,false,,,,,,kg,,,,,,
rockhard-erkek-camas-r-pamuklu-bel-lastikli-duz-boxer-5-li-paket,,,,,,,,Beden,2XL,,,,,,,,1130428031-5,0.0,shopify,100,deny,manual,42.00,,true,true,,,,,,,,,false,,,,,,kg,,,,,,
rockhard-erkek-camas-r-pamuklu-bel-lastikli-duz-boxer-5-li-paket,,,,,,,,Beden,S,,,,,,,,1130428031-6,0.0,shopify,100,deny,manual,42.00,,true,true,,,,,,,,,false,,,,,,kg,,,,,,
rockhard-erkek-camas-r-pamuklu-bel-lastikli-duz-boxer-5-li-paket,,,,,,,,,,,,,,,,,,,,,,,,,,,,,,,,https://cdn.dsmcdn.com/mnresize/128/192/ty1906/prod/QC_ENRICHMENT/20260623/14/59831c71-f025-353b-ae6e-193c79e9a3a3/1_org_zoom.jpg,2,rockhard Erkek Çamaşır Pamuklu Bel Lastikli Düz BOXER 5'li Paket,,,,,,,,,,,,,
rockhard-erkek-camas-r-pamuklu-bel-lastikli-duz-boxer-5-li-paket,,,,,,,,,,,,,,,,,,,,,,,,,,,,,,,,https://cdn.dsmcdn.com/mnresize/128/192/ty1935/prod/QC_ENRICHMENT/20260623/15/9c16e980-0e39-32a1-8b04-3efd69f3909c/1_org_zoom.jpg,3,rockhard Erkek Çamaşır Pamuklu Bel Lastikli Düz BOXER 5'li Paket,,,,,,,,,,,,,
domi-kids-k-z-cocuk-pamuklu-renkli-atlet-3-lu-paket,DOMİ KİDS Kız Çocuk Pamuklu Renkli ATLET 3'lü Paket,"<p><a href=""https://www.trendyol.com/domi/kids-kiz-cocuk-pamuklu-renkli-atlet-3-lu-paket-p-1154980406?boutiqueId=61&merchantId=4341&filterOverPriceListings=false&sav=true"" rel=""nofollow"">Trendyol kaynak</a></p>
<p>Kaynak ID: 1154980406</p>",Dominant,Apparel & Accessories > Clothing > Underwear & Socks > Underwear,Kız Çocuk Atlet,"trendyol-import, Çocuk, Atlet, Kız, domi-kids, dominant",true,Beden,2-3,,,,,,,,1154980406-2,0.0,shopify,100,deny,manual,439.00,,true,true,,,,,,https://cdn.dsmcdn.com/mnresize/620/920/ty1917/prod/QC_PREP/20260610/13/88dba557-efe2-3a34-8e59-e29441dbba22/1_org_zoom.jpg,1,DOMİ KİDS Kız Çocuk Pamuklu Renkli ATLET 3'lü Paket,false,DOMİ KİDS Kız Çocuk Pamuklu Renkli ATLET 3'lü Paket,,,,,kg,,,,,,active
domi-kids-k-z-cocuk-pamuklu-renkli-atlet-3-lu-paket,,,,,,,,Beden,4-5,,,,,,,,1154980406-3,0.0,shopify,100,deny,manual,439.00,,true,true,,,,,,,,,false,,,,,,kg,,,,,,
domi-kids-k-z-cocuk-pamuklu-renkli-atlet-3-lu-paket,,,,,,,,Beden,8/9,,,,,,,,1154980406-4,0.0,shopify,100,deny,manual,439.00,,true,true,,,,,,,,,false,,,,,,kg,,,,,,
domi-kids-k-z-cocuk-pamuklu-renkli-atlet-3-lu-paket,,,,,,,,,,,,,,,,,,,,,,,,,,,,,,,,https://cdn.dsmcdn.com/mnresize/620/920/ty1902/prod/QC_PREP/20260610/13/9a945809-c0ad-30a0-8a60-119601f56e8e/1_org_zoom.jpg,2,DOMİ KİDS Kız Çocuk Pamuklu Renkli ATLET 3'lü Paket,,,,,,,,,,,,,
domi-kids-k-z-cocuk-pamuklu-renkli-atlet-3-lu-paket,,,,,,,,,,,,,,,,,,,,,,,,,,,,,,,,https://cdn.dsmcdn.com/mnresize/620/920/ty1918/prod/QC_PREP/20260610/13/9d57760f-92e4-3e07-8ce5-9e8e82f7c1c7/1_org_zoom.jpg,3,DOMİ KİDS Kız Çocuk Pamuklu Renkli ATLET 3'lü Paket,,,,,,,,,,,,,
domi-kids-k-z-cocuk-pamuklu-renkli-atlet-3-lu-paket,,,,,,,,,,,,,,,,,,,,,,,,,,,,,,,,https://cdn.dsmcdn.com/mnresize/620/920/ty1898/prod/QC_PREP/20260610/13/d0210683-5f09-3fb8-b3fc-ffb5e04af517/1_org_zoom.jpg,4,DOMİ KİDS Kız Çocuk Pamuklu Renkli ATLET 3'lü Paket,,,,,,,,,,,,,
domi-kids-erkek-cocuk-camas-r-pamuklu-renkli-bask-l-boxer-3-lu-paket,DOMİ KİDS Erkek Çocuk Çamaşır Pamuklu Renkli Baskılı BOXER 3'lü Paket,"<p><a href=""https://www.trendyol.com/domi/kids-erkek-cocuk-camasir-pamuklu-renkli-baskili-boxer-3-lu-paket-p-1143059757?boutiqueId=61&merchantId=4341&filterOverPriceListings=false&sav=true"" rel=""nofollow"">Trendyol kaynak</a></p>
<p>Kaynak ID: 1143059757</p>",Dominant,Apparel & Accessories > Clothing > Underwear & Socks > Underwear,Erkek Çocuk Boxer,"trendyol-import, Erkek, Boxer, Çocuk, rockhard, dominant",true,Title,Default Title,,,,,,,,1143059757,0.0,shopify,100,deny,manual,339.00,,true,true,,,,,,https://cdn.dsmcdn.com/mnresize/620/920/ty1926/prod/QC_PREP/20260610/11/2ad737f5-7247-3963-9cf3-aa268de02afb/1_org_zoom.jpg,1,DOMİ KİDS Erkek Çocuk Çamaşır Pamuklu Renkli Baskılı BOXER 3'lü Paket,false,DOMİ KİDS Erkek Çocuk Çamaşır Pamuklu Renkli Baskılı BOXER 3'lü Paket,,,,,kg,,,,,,active
domi-kids-erkek-cocuk-camas-r-pamuklu-renkli-bask-l-boxer-3-lu-paket,,,,,,,,,,,,,,,,,,,,,,,,,,,,,,,,https://cdn.dsmcdn.com/mnresize/620/920/ty1939/prod/QC_PREP/20260610/11/71d6025c-bd08-37ce-846b-71a6cd673091/1_org_zoom.jpg,2,DOMİ KİDS Erkek Çocuk Çamaşır Pamuklu Renkli Baskılı BOXER 3'lü Paket,,,,,,,,,,,,,
domi-kids-erkek-cocuk-camas-r-pamuklu-renkli-bask-l-boxer-3-lu-paket,,,,,,,,,,,,,,,,,,,,,,,,,,,,,,,,https://cdn.dsmcdn.com/mnresize/620/920/ty1918/prod/QC_PREP/20260610/11/644eded0-2226-37be-83ba-e06a521d2d37/1_org_zoom.jpg,3,DOMİ KİDS Erkek Çocuk Çamaşır Pamuklu Renkli Baskılı BOXER 3'lü Paket,,,,,,,,,,,,,
domi-kids-erkek-cocuk-camas-r-pamuklu-renkli-bask-l-boxer-3-lu-paket,,,,,,,,,,,,,,,,,,,,,,,,,,,,,,,,https://cdn.dsmcdn.com/mnresize/620/920/ty1941/prod/QC_PREP/20260610/11/0da0ca56-55fa-3a07-a04d-7c2591b9fa11/1_org_zoom.jpg,4,DOMİ KİDS Erkek Çocuk Çamaşır Pamuklu Renkli Baskılı BOXER 3'lü Paket,,,,,,,,,,,,,
domi-kids-erkek-cocuk-camas-r-pamuklu-renkli-bask-l-boxer-3-lu-paket,,,,,,,,,,,,,,,,,,,,,,,,,,,,,,,,https://cdn.dsmcdn.com/mnresize/620/920/ty1910/prod/QC_PREP/20260610/11/70059189-ab19-3d6a-afaa-781e29a1735d/1_org_zoom.jpg,5,DOMİ KİDS Erkek Çocuk Çamaşır Pamuklu Renkli Baskılı BOXER 3'lü Paket,,,,,,,,,,,,,
domikids-k-z-cocuk-pamuklu-atlet-3-lu-paket-68500-283,DOMİKİDS Kız Çocuk Pamuklu Atlet 3'lü Paket 68500-283,"<p><a href=""https://www.trendyol.com/domikids/kiz-cocuk-pamuklu-atlet-3-lu-paket-68500-283-p-856307028?boutiqueId=61&merchantId=4341&filterOverPriceListings=false&sav=true"" rel=""nofollow"">Trendyol kaynak</a></p>
<p>Kaynak ID: 856307028</p>",Dominant,Apparel & Accessories > Clothing > Underwear & Socks > Underwear,Kız Çocuk Atlet,"trendyol-import, Çocuk, Atlet, Kız, domi-kids, dominant",true,Title,Default Title,,,,,,,,856307028,0.0,shopify,100,deny,manual,439.00,,true,true,,,,,,https://cdn.dsmcdn.com/mnresize/620/920/ty1919/prod/QC_ENRICHMENT/20260520/14/68fd4ed3-d096-3bee-a058-423b804142f7/1_org_zoom.jpg,1,DOMİKİDS Kız Çocuk Pamuklu Atlet 3'lü Paket 68500-283,false,DOMİKİDS Kız Çocuk Pamuklu Atlet 3'lü Paket 68500-283,,,,,kg,,,,,,active
domikids-k-z-cocuk-pamuklu-atlet-3-lu-paket-68500-283,,,,,,,,,,,,,,,,,,,,,,,,,,,,,,,,https://cdn.dsmcdn.com/mnresize/620/920/ty1937/prod/QC_ENRICHMENT/20260520/14/dd6436a5-2c82-329b-979d-1def2955b8af/1_org_zoom.jpg,2,DOMİKİDS Kız Çocuk Pamuklu Atlet 3'lü Paket 68500-283,,,,,,,,,,,,,
domikids-k-z-cocuk-pamuklu-atlet-3-lu-paket-68500-283,,,,,,,,,,,,,,,,,,,,,,,,,,,,,,,,https://cdn.dsmcdn.com/mnresize/620/920/ty1928/prod/QC_ENRICHMENT/20260520/14/1cb9e3ca-b91f-341c-955c-e09182921dc4/1_org_zoom.jpg,3,DOMİKİDS Kız Çocuk Pamuklu Atlet 3'lü Paket 68500-283,,,,,,,,,,,,,
domikids-erkek-cocuk-camas-r-pamuklu-ribana-beyaz-atlet-3-lu-paket,DOMİKİDS Erkek Çocuk Çamaşır Pamuklu Ribana Beyaz ATLET 3'lü Paket,"<p><a href=""https://www.trendyol.com/domikids/erkek-cocuk-camasir-pamuklu-ribana-beyaz-atlet-3-lu-paket-p-856227779?boutiqueId=61&merchantId=4341&filterOverPriceListings=false&sav=true"" rel=""nofollow"">Trendyol kaynak</a></p>
<p>Kaynak ID: 856227779</p>",Dominant,Apparel & Accessories > Clothing > Underwear & Socks > Underwear,Erkek Çocuk Atlet,"trendyol-import, Çocuk, Atlet, Erkek, domi-kids, dominant",true,Title,Default Title,,,,,,,,856227779,0.0,shopify,100,deny,manual,529.00,,true,true,,,,,,https://cdn.dsmcdn.com/mnresize/620/920/ty1529/product/media/images/prod/QC/20240906/10/bcb8791d-a2a5-3f26-9e72-ed134c8f9b66/1_org_zoom.jpg,1,DOMİKİDS Erkek Çocuk Çamaşır Pamuklu Ribana Beyaz ATLET 3'lü Paket,false,DOMİKİDS Erkek Çocuk Çamaşır Pamuklu Ribana Beyaz ATLET 3'lü Paket,,,,,kg,,,,,,active
domikids-erkek-cocuk-camas-r-pamuklu-ribana-beyaz-kisa-kollu-atlet-3-lu-paket,DOMİKİDS Erkek Çocuk Çamaşır Pamuklu Ribana Beyaz KISA KOLLU ATLET 3'lü Paket,"<p><a href=""https://www.trendyol.com/domikids/erkek-cocuk-camasir-pamuklu-ribana-beyaz-kisa-kollu-atlet-3-lu-paket-p-856207724?boutiqueId=61&merchantId=4341&filterOverPriceListings=false&sav=true"" rel=""nofollow"">Trendyol kaynak</a></p>
<p>Kaynak ID: 856207724</p>",Dominant,Apparel & Accessories > Clothing > Underwear & Socks > Underwear,Erkek Çocuk Atlet,"trendyol-import, Çocuk, Atlet, Erkek, domi-kids, dominant",true,Title,Default Title,,,,,,,,856207724,0.0,shopify,100,deny,manual,399.00,,true,true,,,,,,https://cdn.dsmcdn.com/mnresize/620/920/ty1908/prod/QC_ENRICHMENT/20260605/09/fa9a0664-4b19-39a5-ab72-14fe464d170a/1_org_zoom.jpg,1,DOMİKİDS Erkek Çocuk Çamaşır Pamuklu Ribana Beyaz KISA KOLLU ATLET 3'lü Paket,false,DOMİKİDS Erkek Çocuk Çamaşır Pamuklu Ribana Beyaz KISA KOLLU ATLET 3'lü Paket,,,,,kg,,,,,,active
domikids-erkek-cocuk-camas-r-pamuklu-ribana-beyaz-kisa-kollu-atlet-3-lu-paket,,,,,,,,,,,,,,,,,,,,,,,,,,,,,,,,https://cdn.dsmcdn.com/mnresize/620/920/ty1908/prod/QC_ENRICHMENT/20260605/09/88a31759-0adf-3633-be0e-fbdce60e3fcb/1_org_zoom.jpg,2,DOMİKİDS Erkek Çocuk Çamaşır Pamuklu Ribana Beyaz KISA KOLLU ATLET 3'lü Paket,,,,,,,,,,,,,
domi-kids-k-z-cocuk-camas-r-pamuklu-renkli-atlet-3-lu-paket,DOMİ KİDS Kız Çocuk Çamaşır Pamuklu Renkli ATLET 3'lü Paket,"<p><a href=""https://www.trendyol.com/domi/kids-kiz-cocuk-camasir-pamuklu-renkli-atlet-3-lu-paket-p-1154958071?boutiqueId=61&merchantId=4341&filterOverPriceListings=false&sav=true"" rel=""nofollow"">Trendyol kaynak</a></p>
<p>Kaynak ID: 1154958071</p>",Dominant,Apparel & Accessories > Clothing > Underwear & Socks > Underwear,Kız Çocuk Atlet,"trendyol-import, Çocuk, Atlet, Kız, domi-kids, dominant",true,Beden,5-6,,,,,,,,1154958071-2,0.0,shopify,100,deny,manual,439.00,,true,true,,,,,,https://cdn.dsmcdn.com/mnresize/620/920/ty1940/prod/QC_PREP/20260610/12/3de8614c-a3f0-3c07-a825-c176832f2a1d/1_org_zoom.jpg,1,DOMİ KİDS Kız Çocuk Çamaşır Pamuklu Renkli ATLET 3'lü Paket,false,DOMİ KİDS Kız Çocuk Çamaşır Pamuklu Renkli ATLET 3'lü Paket,,,,,kg,,,,,,active
domi-kids-k-z-cocuk-camas-r-pamuklu-renkli-atlet-3-lu-paket,,,,,,,,Beden,7-8,,,,,,,,1154958071-3,0.0,shopify,100,deny,manual,439.00,,true,true,,,,,,,,,false,,,,,,kg,,,,,,
domi-kids-k-z-cocuk-camas-r-pamuklu-renkli-atlet-3-lu-paket,,,,,,,,Beden,3/4,,,,,,,,1154958071-4,0.0,shopify,100,deny,manual,439.00,,true,true,,,,,,,,,false,,,,,,kg,,,,,,
domi-kids-k-z-cocuk-camas-r-pamuklu-renkli-atlet-3-lu-paket,,,,,,,,,,,,,,,,,,,,,,,,,,,,,,,,https://cdn.dsmcdn.com/mnresize/620/920/ty1919/prod/QC_PREP/20260610/12/ede829bb-eb74-3966-a64b-65350f9c1d36/1_org_zoom.jpg,2,DOMİ KİDS Kız Çocuk Çamaşır Pamuklu Renkli ATLET 3'lü Paket,,,,,,,,,,,,,
domi-kids-k-z-cocuk-camas-r-pamuklu-renkli-atlet-3-lu-paket,,,,,,,,,,,,,,,,,,,,,,,,,,,,,,,,https://cdn.dsmcdn.com/mnresize/620/920/ty1922/prod/QC_PREP/20260610/12/cd686f59-4d12-3d53-aaf7-6b0c4a85ade1/1_org_zoom.jpg,3,DOMİ KİDS Kız Çocuk Çamaşır Pamuklu Renkli ATLET 3'lü Paket,,,,,,,,,,,,,
domi-kids-k-z-cocuk-camas-r-pamuklu-renkli-atlet-3-lu-paket,,,,,,,,,,,,,,,,,,,,,,,,,,,,,,,,https://cdn.dsmcdn.com/mnresize/620/920/ty1913/prod/QC_PREP/20260610/12/32f0b498-b287-374e-bf7e-08677ad55b56/1_org_zoom.jpg,4,DOMİ KİDS Kız Çocuk Çamaşır Pamuklu Renkli ATLET 3'lü Paket,,,,,,,,,,,,,
domi-domikids-erkek-cocuk-pamuklu-boxer-3-lu-paket-62000-188,DOMİ Domikids Erkek Çocuk Pamuklu Boxer 3'Lü Paket 62000-188,"<p><a href=""https://www.trendyol.com/domi/domikids-erkek-cocuk-pamuklu-boxer-3-lu-paket-62000-188-p-1143061598?boutiqueId=61&merchantId=4341&filterOverPriceListings=false&sav=true"" rel=""nofollow"">Trendyol kaynak</a></p>
<p>Kaynak ID: 1143061598</p>",Dominant,Apparel & Accessories > Clothing > Underwear & Socks > Underwear,Erkek Çocuk Boxer,"trendyol-import, Erkek, Boxer, Çocuk, rockhard, dominant",true,Title,Default Title,,,,,,,,1143061598,0.0,shopify,100,deny,manual,339.00,,true,true,,,,,,https://cdn.dsmcdn.com/mnresize/620/920/ty1907/prod/QC_PREP/20260507/19/6f05162c-a7c1-31b6-928c-3cc58dc8c0bd/1_org_zoom.jpg,1,DOMİ Domikids Erkek Çocuk Pamuklu Boxer 3'Lü Paket 62000-188,false,DOMİ Domikids Erkek Çocuk Pamuklu Boxer 3'Lü Paket 62000-188,,,,,kg,,,,,,active
domi-domikids-erkek-cocuk-pamuklu-boxer-3-lu-paket-62000-188,,,,,,,,,,,,,,,,,,,,,,,,,,,,,,,,https://cdn.dsmcdn.com/mnresize/620/920/ty1933/prod/QC_PREP/20260507/19/aa28ab75-cc01-37ca-96ec-249e0cea8373/1_org_zoom.jpg,2,DOMİ Domikids Erkek Çocuk Pamuklu Boxer 3'Lü Paket 62000-188,,,,,,,,,,,,,
domi-kids-erkek-cocuk-camas-r-pamuklu-renkli-bask-l-boxer-3-lu-paket,DOMİ KİDS Erkek Çocuk Çamaşır Pamuklu Renkli Baskılı BOXER 3'lü Paket,"<p><a href=""https://www.trendyol.com/domi/kids-erkek-cocuk-camasir-pamuklu-renkli-baskili-boxer-3-lu-paket-p-1143178395?boutiqueId=61&merchantId=4341&filterOverPriceListings=false&sav=true"" rel=""nofollow"">Trendyol kaynak</a></p>
<p>Kaynak ID: 1143178395</p>",Dominant,Apparel & Accessories > Clothing > Underwear & Socks > Underwear,Erkek Çocuk Boxer,"trendyol-import, Erkek, Boxer, Çocuk, rockhard, dominant",true,Title,Default Title,,,,,,,,1143178395,0.0,shopify,100,deny,manual,339.00,,true,true,,,,,,https://cdn.dsmcdn.com/mnresize/620/920/ty1935/prod/QC_ENRICHMENT/20260610/13/85ccf9eb-028e-317d-84e9-de2cfa827f8e/1_org_zoom.jpg,1,DOMİ KİDS Erkek Çocuk Çamaşır Pamuklu Renkli Baskılı BOXER 3'lü Paket,false,DOMİ KİDS Erkek Çocuk Çamaşır Pamuklu Renkli Baskılı BOXER 3'lü Paket,,,,,kg,,,,,,active
domi-kids-erkek-cocuk-camas-r-pamuklu-renkli-bask-l-boxer-3-lu-paket,,,,,,,,,,,,,,,,,,,,,,,,,,,,,,,,https://cdn.dsmcdn.com/mnresize/620/920/ty1926/prod/QC_ENRICHMENT/20260610/13/52350152-36a3-30a5-9959-7be86c83be92/1_org_zoom.jpg,2,DOMİ KİDS Erkek Çocuk Çamaşır Pamuklu Renkli Baskılı BOXER 3'lü Paket,,,,,,,,,,,,,
domi-kids-erkek-cocuk-camas-r-pamuklu-renkli-bask-l-boxer-3-lu-paket,,,,,,,,,,,,,,,,,,,,,,,,,,,,,,,,https://cdn.dsmcdn.com/mnresize/620/920/ty1920/prod/QC_ENRICHMENT/20260610/13/332d7072-f248-35c5-b99b-3d89839ce8f9/1_org_zoom.jpg,3,DOMİ KİDS Erkek Çocuk Çamaşır Pamuklu Renkli Baskılı BOXER 3'lü Paket,,,,,,,,,,,,,
domi-kids-erkek-cocuk-camas-r-pamuklu-renkli-bask-l-boxer-3-lu-paket,,,,,,,,,,,,,,,,,,,,,,,,,,,,,,,,https://cdn.dsmcdn.com/mnresize/620/920/ty1936/prod/QC_ENRICHMENT/20260610/13/6b39bdbc-1ed1-3270-8d24-cab52f7ab16b/1_org_zoom.jpg,4,DOMİ KİDS Erkek Çocuk Çamaşır Pamuklu Renkli Baskılı BOXER 3'lü Paket,,,,,,,,,,,,,
domi-kids-erkek-cocuk-camas-r-pamuklu-renkli-bask-l-boxer-3-lu-paket,,,,,,,,,,,,,,,,,,,,,,,,,,,,,,,,https://cdn.dsmcdn.com/mnresize/620/920/ty1930/prod/QC_ENRICHMENT/20260610/13/6ac9bfc8-2cd9-345a-80ea-e2d2b522e5d0/1_org_zoom.jpg,5,DOMİ KİDS Erkek Çocuk Çamaşır Pamuklu Renkli Baskılı BOXER 3'lü Paket,,,,,,,,,,,,,
domi-kids-erkek-cocuk-camas-r-pamuklu-bask-l-bel-gizli-lastik-boxer-5-li-paket,DOMİ KİDS Erkek Çocuk Çamaşır Pamuklu Baskılı Bel Gizli Lastik BOXER 5'li Paket,"<p><a href=""https://www.trendyol.com/domi/kids-erkek-cocuk-camasir-pamuklu-baskili-bel-gizli-lastik-boxer-5-li-paket-p-1153207913?boutiqueId=61&merchantId=4341&filterOverPriceListings=false&sav=true"" rel=""nofollow"">Trendyol kaynak</a></p>
<p>Kaynak ID: 1153207913</p>",Dominant,Apparel & Accessories > Clothing > Underwear & Socks > Underwear,Erkek Çocuk Boxer,"trendyol-import, Erkek, Boxer, Çocuk, rockhard, dominant",true,Beden,14,,,,,,,,1153207913-2,0.0,shopify,100,deny,manual,599.00,,true,true,,,,,,https://cdn.dsmcdn.com/mnresize/620/920/ty1924/prod/QC_PREP/20260605/09/466068c6-2bb4-3aee-bdc0-0f3b48500afa/1_org_zoom.jpg,1,DOMİ KİDS Erkek Çocuk Çamaşır Pamuklu Baskılı Bel Gizli Lastik BOXER 5'li Paket,false,DOMİ KİDS Erkek Çocuk Çamaşır Pamuklu Baskılı Bel Gizli Lastik BOXER 5'li Paket,,,,,kg,,,,,,active
domi-kids-erkek-cocuk-camas-r-pamuklu-bask-l-bel-gizli-lastik-boxer-5-li-paket,,,,,,,,,,,,,,,,,,,,,,,,,,,,,,,,https://cdn.dsmcdn.com/mnresize/620/920/ty1942/prod/QC_PREP/20260605/09/adb8a39b-16fb-399f-be8e-1a96792254e0/1_org_zoom.jpg,2,DOMİ KİDS Erkek Çocuk Çamaşır Pamuklu Baskılı Bel Gizli Lastik BOXER 5'li Paket,,,,,,,,,,,,,
domi-kids-erkek-cocuk-camas-r-pamuklu-bask-l-bel-gizli-lastik-boxer-5-li-paket,,,,,,,,,,,,,,,,,,,,,,,,,,,,,,,,https://cdn.dsmcdn.com/mnresize/620/920/ty1902/prod/QC_PREP/20260605/09/05f62bba-909b-3a02-ad5e-3d5abdb7e25c/1_org_zoom.jpg,3,DOMİ KİDS Erkek Çocuk Çamaşır Pamuklu Baskılı Bel Gizli Lastik BOXER 5'li Paket,,,,,,,,,,,,,
domi-kids-erkek-cocuk-camas-r-pamuklu-bask-l-bel-gizli-lastik-boxer-5-li-paket,,,,,,,,,,,,,,,,,,,,,,,,,,,,,,,,https://cdn.dsmcdn.com/mnresize/620/920/ty1898/prod/QC_PREP/20260605/09/2968dfe6-3333-351a-9d32-43df7dddaab1/1_org_zoom.jpg,4,DOMİ KİDS Erkek Çocuk Çamaşır Pamuklu Baskılı Bel Gizli Lastik BOXER 5'li Paket,,,,,,,,,,,,,
domi-kids-erkek-cocuk-camas-r-pamuklu-bask-l-bel-gizli-lastik-boxer-5-li-paket,,,,,,,,,,,,,,,,,,,,,,,,,,,,,,,,https://cdn.dsmcdn.com/mnresize/620/920/ty1904/prod/QC_PREP/20260605/09/80c72fd9-a5d9-306b-98c6-65496ee65763/1_org_zoom.jpg,5,DOMİ KİDS Erkek Çocuk Çamaşır Pamuklu Baskılı Bel Gizli Lastik BOXER 5'li Paket,,,,,,,,,,,,,
domi-kids-erkek-cocuk-camas-r-pamuklu-bask-l-bel-gizli-lastik-boxer-5-li-paket,,,,,,,,,,,,,,,,,,,,,,,,,,,,,,,,https://cdn.dsmcdn.com/mnresize/620/920/ty1911/prod/QC_PREP/20260605/09/cff56a3a-e679-32bc-ab24-12b001dafebc/1_org_zoom.jpg,6,DOMİ KİDS Erkek Çocuk Çamaşır Pamuklu Baskılı Bel Gizli Lastik BOXER 5'li Paket,,,,,,,,,,,,,
domi-kids-erkek-cocuk-camas-r-pamuklu-bask-l-bel-gizli-lastik-boxer-5-li-paket,,,,,,,,,,,,,,,,,,,,,,,,,,,,,,,,https://cdn.dsmcdn.com/mnresize/128/192/ty1927/prod/QC_PREP/20260605/09/cc0804d1-c434-36eb-b072-0bcc06a37b77/1_org_zoom.jpg,7,DOMİ KİDS Erkek Çocuk Çamaşır Pamuklu Baskılı Bel Gizli Lastik BOXER 5'li Paket,,,,,,,,,,,,,
domi-kids-erkek-cocuk-camas-r-pamuklu-bask-l-bel-gizli-lastik-boxer-5-li-paket,,,,,,,,,,,,,,,,,,,,,,,,,,,,,,,,https://cdn.dsmcdn.com/mnresize/128/192/ty1924/prod/QC_PREP/20260605/09/466068c6-2bb4-3aee-bdc0-0f3b48500afa/1_org_zoom.jpg,8,DOMİ KİDS Erkek Çocuk Çamaşır Pamuklu Baskılı Bel Gizli Lastik BOXER 5'li Paket,,,,,,,,,,,,,
domi-kids-erkek-cocuk-camas-r-pamuklu-renkli-bask-l-atlet-3-lu-paket,DOMİ KİDS Erkek Çocuk Çamaşır Pamuklu Renkli Baskılı ATLET 3'lü Paket,"<p><a href=""https://www.trendyol.com/domi/kids-erkek-cocuk-camasir-pamuklu-renkli-baskili-atlet-3-lu-paket-p-1154276909?boutiqueId=61&merchantId=4341&filterOverPriceListings=false&sav=true"" rel=""nofollow"">Trendyol kaynak</a></p>
<p>Kaynak ID: 1154276909</p>",Dominant,Apparel & Accessories > Clothing > Underwear & Socks > Underwear,Erkek Çocuk Atlet,"trendyol-import, Çocuk, Atlet, Erkek, domi-kids, dominant",true,Beden,14,,,,,,,,1154276909-2,0.0,shopify,100,deny,manual,659.00,,true,true,,,,,,https://cdn.dsmcdn.com/mnresize/620/920/ty1939/prod/QC_PREP/20260608/11/58e83580-894f-32df-b54a-96e46485f9ec/1_org_zoom.jpg,1,DOMİ KİDS Erkek Çocuk Çamaşır Pamuklu Renkli Baskılı ATLET 3'lü Paket,false,DOMİ KİDS Erkek Çocuk Çamaşır Pamuklu Renkli Baskılı ATLET 3'lü Paket,,,,,kg,,,,,,active
domi-kids-erkek-cocuk-camas-r-pamuklu-renkli-bask-l-atlet-3-lu-paket,,,,,,,,Beden,10/11,,,,,,,,1154276909-3,0.0,shopify,100,deny,manual,659.00,,true,true,,,,,,,,,false,,,,,,kg,,,,,,
domi-kids-erkek-cocuk-camas-r-pamuklu-renkli-bask-l-atlet-3-lu-paket,,,,,,,,Beden,12/13,,,,,,,,1154276909-4,0.0,shopify,100,deny,manual,659.00,,true,true,,,,,,,,,false,,,,,,kg,,,,,,
domi-kids-erkek-cocuk-camas-r-pamuklu-renkli-bask-l-atlet-3-lu-paket,,,,,,,,,,,,,,,,,,,,,,,,,,,,,,,,https://cdn.dsmcdn.com/mnresize/620/920/ty1915/prod/QC_PREP/20260608/11/49ffe68e-000e-37be-bde1-b35dc0ce6c6c/1_org_zoom.jpg,2,DOMİ KİDS Erkek Çocuk Çamaşır Pamuklu Renkli Baskılı ATLET 3'lü Paket,,,,,,,,,,,,,
domi-kids-erkek-cocuk-camas-r-pamuklu-renkli-bask-l-atlet-3-lu-paket,,,,,,,,,,,,,,,,,,,,,,,,,,,,,,,,https://cdn.dsmcdn.com/mnresize/620/920/ty1916/prod/QC_PREP/20260608/11/4d414c7e-ca29-3442-86e3-98f356054030/1_org_zoom.jpg,3,DOMİ KİDS Erkek Çocuk Çamaşır Pamuklu Renkli Baskılı ATLET 3'lü Paket,,,,,,,,,,,,,
domi-kids-erkek-cocuk-camas-r-pamuklu-renkli-bask-l-atlet-3-lu-paket,,,,,,,,,,,,,,,,,,,,,,,,,,,,,,,,https://cdn.dsmcdn.com/mnresize/620/920/ty1895/prod/QC_PREP/20260608/11/8c9cd1d6-9cfb-3d93-bcbb-3d28b78a376c/1_org_zoom.jpg,4,DOMİ KİDS Erkek Çocuk Çamaşır Pamuklu Renkli Baskılı ATLET 3'lü Paket,,,,,,,,,,,,,
iphone-16-pro-max,iPhone 16 Pro Max,"<p><a href=""https://www.trendyol.com/apple/iphone-16-pro-max-256gb-siyah-titanyum-p-857296077"" rel=""nofollow"">Trendyol kaynak</a></p>
<p>Kaynak ID: 857296077</p>",Dominant,Electronics > Communications > Telephony > Mobile Phones,Telefon,"trendyol-import, kontrol-et, dış-ürün, dominant",true,Title,Default Title,,,,,,,,857296077,0.0,shopify,100,deny,manual,0.00,,true,true,,,,,,,,,false,iPhone 16 Pro Max,,,,,kg,,,,,,active
